,year,full_addr,borough,units
0,2016,7402 17 AVENUE Brooklyn,Brooklyn,15
1,2016,6801 20 AVENUE Brooklyn,Brooklyn,8
2,2016,105 3 PLACE Brooklyn,Brooklyn,8
3,2016,5416 4 AVENUE Brooklyn,Brooklyn,16
4,2016,5422 4 AVENUE Brooklyn,Brooklyn,21
5,2016,5605 4 AVENUE Brooklyn,Brooklyn,16
6,2016,6302 4 AVENUE Brooklyn,Brooklyn,21
7,2016,6324 4 AVENUE Brooklyn,Brooklyn,21
8,2016,327 43 STREET Brooklyn,Brooklyn,18
9,2016,1424 43 STREET Brooklyn,Brooklyn,16
10,2016,294 5 AVENUE Brooklyn,Brooklyn,7
11,2016,4228 5 AVENUE Brooklyn,Brooklyn,7
12,2016,452 53 STREET Brooklyn,Brooklyn,17
13,2016,546 55 STREET Brooklyn,Brooklyn,16
14,2016,484 60 STREET Brooklyn,Brooklyn,7
15,2016,1713 67 STREET Brooklyn,Brooklyn,16
16,2016,2070 72 STREET Brooklyn,Brooklyn,9
17,2016,6213 8 AVENUE Brooklyn,Brooklyn,6
18,2016,268 ALBANY AVENUE Brooklyn,Brooklyn,8
19,2016,552 ALBANY AVENUE Brooklyn,Brooklyn,6
20,2016,55 ARLINGTON AVENUE Brooklyn,Brooklyn,6
21,2016,282 ASHFORD STREET Brooklyn,Brooklyn,6
22,2016,595 AUTUMN AVENUE Brooklyn,Brooklyn,6
23,2016,221 BAINBRIDGE STREET Brooklyn,Brooklyn,9
24,2016,1338 BERGEN STREET Brooklyn,Brooklyn,16
25,2016,2044 BERGEN STREET Brooklyn,Brooklyn,16
26,2016,2107 BEVERLY ROAD Brooklyn,Brooklyn,17
27,2016,33 BUFFALO AVENUE Brooklyn,Brooklyn,6
28,2016,278 CHAUNCEY STREET Brooklyn,Brooklyn,8
29,2016,2408 CLARENDON ROAD Brooklyn,Brooklyn,16
30,2016,287 CLARKSON AVENUE Brooklyn,Brooklyn,8
31,2016,1120 CLARKSON AVENUE Brooklyn,Brooklyn,4
32,2016,681 CLASSON AVENUE Brooklyn,Brooklyn,8
33,2016,695 CONEY ISLAND AVENUE Brooklyn,Brooklyn,6
34,2016,30 COOPER STREET Brooklyn,Brooklyn,3
35,2016,526 DAHILL ROAD Brooklyn,Brooklyn,20
36,2016,1423 DE KALB AVENUE Brooklyn,Brooklyn,6
37,2016,1155 DEAN STREET Brooklyn,Brooklyn,16
38,2016,903 EAST 106 STREET Brooklyn,Brooklyn,3
39,2016,410 EAST 17 STREET Brooklyn,Brooklyn,30
40,2016,855 EAST 19 STREET Brooklyn,Brooklyn,60
41,2016,754 EAST 23 STREET Brooklyn,Brooklyn,32
42,2016,491 EAST 45 STREET Brooklyn,Brooklyn,16
43,2016,175 EAST 52 STREET Brooklyn,Brooklyn,43
44,2016,197 EAST 52 STREET Brooklyn,Brooklyn,6
45,2016,107 EAST 59 STREET Brooklyn,Brooklyn,6
46,2016,480 EAST 94 STREET Brooklyn,Brooklyn,6
47,2016,903 EAST 95 STREET Brooklyn,Brooklyn,3
48,2016,631 EAST 96 STREET Brooklyn,Brooklyn,6
49,2016,888 EAST 96 STREET Brooklyn,Brooklyn,32
50,2016,942 EASTERN PARKWAY Brooklyn,Brooklyn,16
51,2016,1530 EASTERN PARKWAY EXTENSION Brooklyn,Brooklyn,8
52,2016,308 ELLERY STREET Brooklyn,Brooklyn,6
53,2016,125 EVERGREEN AVENUE Brooklyn,Brooklyn,8
54,2016,892 FLUSHING AVENUE Brooklyn,Brooklyn,26
55,2016,425 GATES AVENUE Brooklyn,Brooklyn,11
56,2016,89 GRATTAN STREET Brooklyn,Brooklyn,6
57,2016,148 GROVE STREET Brooklyn,Brooklyn,6
58,2016,381 GROVE STREET Brooklyn,Brooklyn,13
59,2016,77 HALSEY STREET Brooklyn,Brooklyn,6
60,2016,641 HALSEY STREET Brooklyn,Brooklyn,3
61,2016,303 HARMAN STREET Brooklyn,Brooklyn,6
62,2016,536 HEGEMAN AVENUE Brooklyn,Brooklyn,5
63,2016,553 HOWARD AVENUE Brooklyn,Brooklyn,12
64,2016,160 HULL STREET Brooklyn,Brooklyn,3
65,2016,202 HULL STREET Brooklyn,Brooklyn,6
66,2016,177 HURON STREET Brooklyn,Brooklyn,6
67,2016,170 IRVING AVENUE Brooklyn,Brooklyn,6
68,2016,211 IRVING AVENUE Brooklyn,Brooklyn,6
69,2016,657 KNICKERBOCKER AVENUE Brooklyn,Brooklyn,8
70,2016,501 LAFAYETTE AVENUE Brooklyn,Brooklyn,7
71,2016,874 LENOX ROAD Brooklyn,Brooklyn,6
72,2016,1301 LINCOLN PLACE Brooklyn,Brooklyn,8
73,2016,247 LINDEN BOULEVARD Brooklyn,Brooklyn,6
74,2016,912 LINDEN BOULEVARD Brooklyn,Brooklyn,16
75,2016,235 LIVONIA AVENUE Brooklyn,Brooklyn,18
76,2016,18 LOCUST STREET Brooklyn,Brooklyn,6
77,2016,338 MADISON STREET Brooklyn,Brooklyn,3
78,2016,920 MADISON STREET Brooklyn,Brooklyn,13
79,2016,63 MALCOLM X BOULEVARD Brooklyn,Brooklyn,8
80,2016,262 MALCOLM X BOULEVARD Brooklyn,Brooklyn,6
81,2016,505 MC DONALD AVENUE Brooklyn,Brooklyn,6
82,2016,361 MILLER AVENUE Brooklyn,Brooklyn,20
83,2016,437 MILLER AVENUE Brooklyn,Brooklyn,13
84,2016,725 MILLER AVENUE Brooklyn,Brooklyn,6
85,2016,311 MONTAUK AVENUE Brooklyn,Brooklyn,6
86,2016,394 MONTGOMERY STREET Brooklyn,Brooklyn,43
87,2016,1033 OCEAN AVENUE Brooklyn,Brooklyn,16
88,2016,1443 PACIFIC STREET Brooklyn,Brooklyn,11
89,2016,1898 PACIFIC STREET Brooklyn,Brooklyn,12
90,2016,2240 PACIFIC STREET Brooklyn,Brooklyn,6
91,2016,2250 PACIFIC STREET Brooklyn,Brooklyn,6
92,2016,597 PARK PLACE Brooklyn,Brooklyn,8
93,2016,68 PATCHEN AVENUE Brooklyn,Brooklyn,8
94,2016,150 PATCHEN AVENUE Brooklyn,Brooklyn,8
95,2016,1581 PRESIDENT STREET Brooklyn,Brooklyn,20
96,2016,1097 PROSPECT PLACE Brooklyn,Brooklyn,13
97,2016,222 PULASKI STREET Brooklyn,Brooklyn,12
98,2016,348 QUINCY STREET Brooklyn,Brooklyn,3
99,2016,480 QUINCY STREET Brooklyn,Brooklyn,3
100,2016,213 RALPH AVENUE Brooklyn,Brooklyn,8
101,2016,57 ROCKAWAY AVENUE Brooklyn,Brooklyn,3
102,2016,394 RUTLAND ROAD Brooklyn,Brooklyn,15
103,2016,73 SCHAEFER STREET Brooklyn,Brooklyn,6
104,2016,836 SCHENECTADY AVENUE Brooklyn,Brooklyn,6
105,2016,529 SNEDIKER AVENUE Brooklyn,Brooklyn,6
106,2016,5122 SNYDER AVENUE Brooklyn,Brooklyn,16
107,2016,1391 ST JOHNS PLACE Brooklyn,Brooklyn,8
108,2016,304 ST NICHOLAS AVENUE Brooklyn,Brooklyn,6
109,2016,90 STARR STREET Brooklyn,Brooklyn,6
110,2016,1298 STERLING PLACE Brooklyn,Brooklyn,6
111,2016,232 STOCKHOLM STREET Brooklyn,Brooklyn,6
112,2016,2 STODDARD PLACE Brooklyn,Brooklyn,54
113,2016,69 STUYVESANT AVENUE Brooklyn,Brooklyn,6
114,2016,159 SUYDAM STREET Brooklyn,Brooklyn,7
115,2016,316 SUYDAM STREET Brooklyn,Brooklyn,6
116,2016,239 TROY AVENUE Brooklyn,Brooklyn,10
117,2016,1717 WEST 6 STREET Brooklyn,Brooklyn,6
118,2016,1035 WILLMOHR STREET Brooklyn,Brooklyn,17
119,2016,157 WILSON AVENUE Brooklyn,Brooklyn,6
120,2016,166 WILSON AVENUE Brooklyn,Brooklyn,6
121,2016,4417 3 AVENUE Bronx,Bronx,4
122,2016,1842 ANTHONY AVENUE Bronx,Bronx,8
123,2016,3061 BAILEY AVENUE Bronx,Bronx,21
124,2016,2670 BAINBRIDGE AVENUE Bronx,Bronx,69
125,2016,1142 BRYANT AVENUE Bronx,Bronx,8
126,2016,3800 CARPENTER AVENUE Bronx,Bronx,55
127,2016,1230 COLLEGE AVENUE Bronx,Bronx,4
128,2016,1205 COMMONWEALTH AVENUE Bronx,Bronx,9
129,2016,2076 CRESTON AVENUE Bronx,Bronx,42
130,2016,743 EAST 136 STREET Bronx,Bronx,6
131,2016,419 EAST 142 STREET Bronx,Bronx,12
132,2016,388 EAST 155 STREET Bronx,Bronx,3
133,2016,937 EAST 172 STREET Bronx,Bronx,14
134,2016,410 EAST 173 STREET Bronx,Bronx,6
135,2016,265 EAST 176 STREET Bronx,Bronx,21
136,2016,878 EAST 176 STREET Bronx,Bronx,21
137,2016,105 EAST 177 STREET Bronx,Bronx,46
138,2016,865 EAST 181 STREET Bronx,Bronx,13
139,2016,518 EAST 187 STREET Bronx,Bronx,16
140,2016,382 EAST 199 STREET Bronx,Bronx,21
141,2016,65 EAST TREMONT AVENUE Bronx,Bronx,16
142,2016,1124 ELDER AVENUE Bronx,Bronx,4
143,2016,1000 FINDLAY AVENUE Bronx,Bronx,3
144,2016,2754 GRAND CONCOURSE Bronx,Bronx,67
145,2016,2760 GRAND CONCOURSE Bronx,Bronx,58
146,2016,900 HOE AVENUE Bronx,Bronx,46
147,2016,2020 HONEYWELL AVENUE Bronx,Bronx,17
148,2016,2334 HUGHES AVENUE Bronx,Bronx,16
149,2016,2475 HUGHES AVENUE Bronx,Bronx,20
150,2016,3052 KINGSBRIDGE AVENUE Bronx,Bronx,58
151,2016,681 MAGENTA STREET Bronx,Bronx,37
152,2016,636 MANIDA STREET Bronx,Bronx,3
153,2016,2048 MAPES AVENUE Bronx,Bronx,13
154,2016,2550 MARION AVENUE Bronx,Bronx,35
155,2016,2155 MOHEGAN AVENUE Bronx,Bronx,15
156,2016,4110 MONTICELLO AVENUE Bronx,Bronx,3
157,2016,1870 MORRIS AVENUE Bronx,Bronx,25
158,2016,716 PENFIELD STREET Bronx,Bronx,7
159,2016,1390 PROSPECT AVENUE Bronx,Bronx,21
160,2016,1417 PROSPECT AVENUE Bronx,Bronx,21
161,2016,910 SOUTHERN BOULEVARD Bronx,Bronx,34
162,2016,1114 ST LAWRENCE AVENUE Bronx,Bronx,3
163,2016,1224 UNION AVENUE Bronx,Bronx,3
164,2016,2714 WALLACE AVENUE Bronx,Bronx,49
165,2016,1979 WALTON AVENUE Bronx,Bronx,36
166,2016,1117 WESTCHESTER AVENUE Bronx,Bronx,32
167,2016,4735 WHITE PLAINS ROAD Bronx,Bronx,4
168,2016,700 10 AVENUE Manhattan,Manhattan,8
169,2016,3855 10 AVENUE Manhattan,Manhattan,23
170,2016,316 2 AVENUE Manhattan,Manhattan,9
171,2016,1936 3 AVENUE Manhattan,Manhattan,8
172,2016,1851 ADAM C POWELL BOULEVARD Manhattan,Manhattan,24
173,2016,2035 ADAM C POWELL BOULEVARD Manhattan,Manhattan,16
174,2016,2546 ADAM C POWELL BOULEVARD Manhattan,Manhattan,17
175,2016,488 AMSTERDAM AVENUE Manhattan,Manhattan,8
176,2016,700 AMSTERDAM AVENUE Manhattan,Manhattan,13
177,2016,1532 AMSTERDAM AVENUE Manhattan,Manhattan,23
178,2016,1619 AMSTERDAM AVENUE Manhattan,Manhattan,18
179,2016,1627 AMSTERDAM AVENUE Manhattan,Manhattan,19
180,2016,1792 AMSTERDAM AVENUE Manhattan,Manhattan,13
181,2016,2104 AMSTERDAM AVENUE Manhattan,Manhattan,13
182,2016,171 AUDUBON AVENUE Manhattan,Manhattan,21
183,2016,22 BRADHURST AVENUE Manhattan,Manhattan,10
184,2016,3409 BROADWAY Manhattan,Manhattan,17
185,2016,3851 BROADWAY Manhattan,Manhattan,54
186,2016,87 CHRISTOPHER STREET Manhattan,Manhattan,22
187,2016,940 COLUMBUS AVENUE Manhattan,Manhattan,12
188,2016,334 CONVENT AVENUE Manhattan,Manhattan,17
189,2016,159 EAST 106 STREET Manhattan,Manhattan,8
190,2016,325 EAST 109 STREET Manhattan,Manhattan,8
191,2016,214 EAST 111 STREET Manhattan,Manhattan,6
192,2016,21 EAST 115 STREET Manhattan,Manhattan,10
193,2016,69 EAST 115 STREET Manhattan,Manhattan,10
194,2016,163 EAST 115 STREET Manhattan,Manhattan,12
195,2016,424 EAST 115 STREET Manhattan,Manhattan,15
196,2016,453 EAST 117 STREET Manhattan,Manhattan,9
197,2016,406 EAST 119 STREET Manhattan,Manhattan,10
198,2016,14 EAST 125 STREET Manhattan,Manhattan,6
199,2016,142 EAST 126 STREET Manhattan,Manhattan,30
200,2016,134 EAST 36 STREET Manhattan,Manhattan,7
201,2016,106 ELDRIDGE STREET Manhattan,Manhattan,16
202,2016,90 ELIZABETH STREET Manhattan,Manhattan,19
203,2016,164 ELIZABETH STREET Manhattan,Manhattan,15
204,2016,43 ESSEX STREET Manhattan,Manhattan,10
205,2016,2915 FREDERICK DOUGLASS BOULEVARD Manhattan,Manhattan,19
206,2016,174 HESTER STREET Manhattan,Manhattan,22
207,2016,2 JUMEL TERRACE Manhattan,Manhattan,25
208,2016,657 LENOX AVENUE Manhattan,Manhattan,20
209,2016,53 LUDLOW STREET Manhattan,Manhattan,16
210,2016,73 MONROE STREET Manhattan,Manhattan,20
211,2016,137 RIVINGTON STREET Manhattan,Manhattan,18
212,2016,1471 ST NICHOLAS AVENUE Manhattan,Manhattan,19
213,2016,2 ST NICHOLAS TERRACE Manhattan,Manhattan,15
214,2016,364 WEST 127 STREET Manhattan,Manhattan,8
215,2016,115 WEST 129 STREET Manhattan,Manhattan,23
216,2016,134 WEST 129 STREET Manhattan,Manhattan,10
217,2016,524 WEST 134 STREET Manhattan,Manhattan,24
218,2016,520 WEST 136 STREET Manhattan,Manhattan,36
219,2016,221 WEST 139 STREET Manhattan,Manhattan,7
220,2016,509 WEST 140 STREET Manhattan,Manhattan,15
221,2016,135 WEST 145 STREET Manhattan,Manhattan,30
222,2016,513 WEST 150 STREET Manhattan,Manhattan,12
223,2016,508 WEST 151 STREET Manhattan,Manhattan,14
224,2016,453 WEST 152 STREET Manhattan,Manhattan,16
225,2016,504 WEST 157 STREET Manhattan,Manhattan,9
226,2016,529 WEST 158 STREET Manhattan,Manhattan,31
227,2016,538 WEST 159 STREET Manhattan,Manhattan,10
228,2016,214 WEST 16 STREET Manhattan,Manhattan,15
229,2016,534 WEST 178 STREET Manhattan,Manhattan,21
230,2016,561 WEST 186 STREET Manhattan,Manhattan,21
231,2016,558 WEST 193 STREET Manhattan,Manhattan,31
232,2016,266 WEST 25 STREET Manhattan,Manhattan,15
233,2016,412 WEST 46 STREET Manhattan,Manhattan,15
234,2016,24 WEST 89 STREET Manhattan,Manhattan,8
235,2016,86-12 102 STREET Queens,Queens,4
236,2016,38-02 29 STREET Queens,Queens,15
237,2016,31-30 30 STREET Queens,Queens,8
238,2016,108-42 43 AVENUE Queens,Queens,6
239,2016,408 BEACH 25 STREET Queens,Queens,3
240,2016,188-05 LINDEN BOULEVARD Queens,Queens,3
241,2016,11-27 NAMEOKE STREET Queens,Queens,17
242,2016,104-03 NORTHERN BOULEVARD Queens,Queens,6
243,2016,1868 PALMETTO STREET Queens,Queens,6
244,2016,158-17 SANFORD AVENUE Queens,Queens,20
245,2016,20 SCOTT A GADELL PLACE Queens,Queens,6
246,2016,100 BELMONT PLACE Staten Island,Staten Island,56
247,2016,80 LAYTON AVENUE Staten Island,Staten Island,3
248,2016,5 SLOSSON TERRACE Staten Island,Staten Island,16
249,2016,13 SLOSSON TERRACE Staten Island,Staten Island,16
250,2015,79 AUDUBON AVENUE Manhattan,Manhattan,24
251,2015,6 CONVENT AVENUE Manhattan,Manhattan,8
252,2015,168 EAST 104 STREET Manhattan,Manhattan,8
253,2015,14 EAST 125 STREET Manhattan,Manhattan,8
254,2015,322 EAST 126 STREET Manhattan,Manhattan,28
255,2015,165 EDGECOMBE AVENUE Manhattan,Manhattan,20
256,2015,2359 FREDERICK DOUGLASS BOULEVARD Manhattan,Manhattan,10
257,2015,58 MARBLE HILL AVENUE Manhattan,Manhattan,50
258,2015,192 NAGLE AVENUE Manhattan,Manhattan,49
259,2015,200 NAGLE AVENUE Manhattan,Manhattan,49
260,2015,900 RIVERSIDE DRIVE Manhattan,Manhattan,72
261,2015,88 SEAMAN AVENUE Manhattan,Manhattan,32
262,2015,4 SOUTH PINEHURST AVENUE Manhattan,Manhattan,43
263,2015,15 WADSWORTH AVENUE Manhattan,Manhattan,25
264,2015,230 WEST 108 STREET Manhattan,Manhattan,25
265,2015,242 WEST 116 STREET Manhattan,Manhattan,9
266,2015,157 WEST 119 STREET Manhattan,Manhattan,20
267,2015,40 WEST 128 STREET Manhattan,Manhattan,12
268,2015,523 WEST 138 STREET Manhattan,Manhattan,20
269,2015,572 WEST 141 STREET Manhattan,Manhattan,24
270,2015,541 WEST 142 STREET Manhattan,Manhattan,19
271,2015,501 WEST 143 STREET Manhattan,Manhattan,39
272,2015,515 WEST 143 STREET Manhattan,Manhattan,24
273,2015,468 WEST 145 STREET Manhattan,Manhattan,14
274,2015,509 WEST 150 STREET Manhattan,Manhattan,5
275,2015,535 WEST 155 STREET Manhattan,Manhattan,21
276,2015,533 WEST 158 STREET Manhattan,Manhattan,24
277,2015,504 WEST 159 STREET Manhattan,Manhattan,21
278,2015,514 WEST 169 STREET Manhattan,Manhattan,10
279,2015,512 WEST 180 STREET Manhattan,Manhattan,20
280,2015,605 WEST 182 STREET Manhattan,Manhattan,22
281,2015,620 WEST 182 STREET Manhattan,Manhattan,16
282,2015,573 WEST 183 STREET Manhattan,Manhattan,11
283,2015,595 WEST 207 STREET Manhattan,Manhattan,28
284,2015,509 WEST 212 STREET Manhattan,Manhattan,45
285,2015,506 WEST 213 STREET Manhattan,Manhattan,26
286,2015,4173 3 AVENUE Bronx,Bronx,8
287,2015,1905 ANDREWS AVENUE SOUTH Bronx,Bronx,12
288,2015,640 BARRETTO STREET Bronx,Bronx,4
289,2015,1977 BIRCHALL AVENUE Bronx,Bronx,3
290,2015,1133 BOSTON ROAD Bronx,Bronx,51
291,2015,1158 BOYNTON AVENUE Bronx,Bronx,66
292,2015,4124 BRONXWOOD AVENUE Bronx,Bronx,8
293,2015,955 BRUCKNER BOULEVARD Bronx,Bronx,3
294,2015,1445 BRYANT AVENUE Bronx,Bronx,3
295,2015,2403 CAMBRELENG AVENUE Bronx,Bronx,20
296,2015,4632 CARPENTER AVENUE Bronx,Bronx,21
297,2015,1381 CASTLE HILL AVENUE Bronx,Bronx,75
298,2015,1308 CLAY AVENUE Bronx,Bronx,3
299,2015,1320 CLAY AVENUE Bronx,Bronx,3
300,2015,1350 CLAY AVENUE Bronx,Bronx,3
301,2015,74 CLINTON PLACE Bronx,Bronx,3
302,2015,628 COURTLANDT AVENUE Bronx,Bronx,13
303,2015,1995 CRESTON AVENUE Bronx,Bronx,46
304,2015,2538 CRESTON AVENUE Bronx,Bronx,11
305,2015,1976 CROSS BRONX EXPRESSWAY Bronx,Bronx,6
306,2015,2912 CRUGER AVENUE Bronx,Bronx,3
307,2015,1815 DAVIDSON AVENUE Bronx,Bronx,40
308,2015,1824 DAVIDSON AVENUE Bronx,Bronx,47
309,2015,2055 DAVIDSON AVENUE Bronx,Bronx,21
310,2015,1000 DUNCAN STREET Bronx,Bronx,3
311,2015,353 EAST 138 STREET Bronx,Bronx,8
312,2015,335 EAST 148 STREET Bronx,Bronx,36
313,2015,377 EAST 153 STREET Bronx,Bronx,24
314,2015,54 EAST 176 STREET Bronx,Bronx,52
315,2015,156 EAST 178 STREET Bronx,Bronx,36
316,2015,546 EAST 182 STREET Bronx,Bronx,25
317,2015,735 EAST 182 STREET Bronx,Bronx,21
318,2015,269 EAST 194 STREET Bronx,Bronx,26
319,2015,708 EAST 215 STREET Bronx,Bronx,5
320,2015,720 FRONT EAST 216 STREET Bronx,Bronx,3
321,2015,769 EAST 224 STREET Bronx,Bronx,7
322,2015,967 EAST 224 STREET Bronx,Bronx,6
323,2015,872 EAST 225 STREET Bronx,Bronx,5
324,2015,811 EAST 226 STREET Bronx,Bronx,3
325,2015,829 EAST 226 STREET Bronx,Bronx,3
326,2015,973 EAST 226 STREET Bronx,Bronx,3
327,2015,817 EAST 227 STREET Bronx,Bronx,5
328,2015,819 EAST 227 STREET Bronx,Bronx,3
329,2015,940 EAST 227 STREET Bronx,Bronx,3
330,2015,645 EAST 228 STREET Bronx,Bronx,5
331,2015,683 EAST 234 STREET Bronx,Bronx,6
332,2015,179 EAST MOSHOLU PARKWAY NORTH Bronx,Bronx,6
333,2015,264 ECHO PLACE Bronx,Bronx,27
334,2015,1800 EDENWALD AVENUE Bronx,Bronx,3
335,2015,1124 FOX STREET Bronx,Bronx,4
336,2015,4625 FURMAN AVENUE Bronx,Bronx,3
337,2015,718 GARDEN STREET Bronx,Bronx,3
338,2015,888 GRAND CONCOURSE Bronx,Bronx,81
339,2015,2555 GRAND CONCOURSE Bronx,Bronx,26
340,2015,1119 GRANT AVENUE Bronx,Bronx,8
341,2015,1151 GRANT AVENUE Bronx,Bronx,5
342,2015,2222 HOLLAND AVENUE Bronx,Bronx,3
343,2015,2226 HOLLAND AVENUE Bronx,Bronx,25
344,2015,665 JEFFERSON PLACE Bronx,Bronx,3
345,2015,758 KELLY STREET Bronx,Bronx,38
346,2015,1920 LORING PLACE SOUTH Bronx,Bronx,11
347,2015,2474 MARION AVENUE Bronx,Bronx,25
348,2015,1801 MARMION AVENUE Bronx,Bronx,26
349,2015,1824 MOHEGAN AVENUE Bronx,Bronx,3
350,2015,632 MORRIS AVENUE Bronx,Bronx,3
351,2015,3149 PERRY AVENUE Bronx,Bronx,53
352,2015,1095 PROSPECT AVENUE Bronx,Bronx,22
353,2015,1413 PROSPECT AVENUE Bronx,Bronx,21
354,2015,2348 PROSPECT AVENUE Bronx,Bronx,3
355,2015,1228 ROSEDALE AVENUE Bronx,Bronx,3
356,2015,2105 RYER AVENUE Bronx,Bronx,53
357,2015,3153 SEYMOUR AVENUE Bronx,Bronx,17
358,2015,1023 SOUTHERN BOULEVARD Bronx,Bronx,9
359,2015,733 TILDEN STREET Bronx,Bronx,3
360,2015,1237 TINTON AVENUE Bronx,Bronx,3
361,2015,2430 TRATMAN AVENUE Bronx,Bronx,20
362,2015,1731 VAN BUREN STREET Bronx,Bronx,3
363,2015,757 VAN NEST AVENUE Bronx,Bronx,3
364,2015,3012 WALLACE AVENUE Bronx,Bronx,4
365,2015,1113 WARD AVENUE Bronx,Bronx,51
366,2015,2355 WASHINGTON AVENUE Bronx,Bronx,3
367,2015,2366 WEBSTER AVENUE Bronx,Bronx,26
368,2015,64 WEST 165 STREET Bronx,Bronx,33
369,2015,20 WEST 190 STREET Bronx,Bronx,37
370,2015,135 WEST 238 STREET Bronx,Bronx,66
371,2015,1530 WHITE PLAINS ROAD Bronx,Bronx,3
372,2015,4555 WHITE PLAINS ROAD Bronx,Bronx,4
373,2015,227 23 STREET Brooklyn,Brooklyn,8
374,2015,6310 4 AVENUE Brooklyn,Brooklyn,23
375,2015,245 46 STREET Brooklyn,Brooklyn,6
376,2015,294 5 AVENUE Brooklyn,Brooklyn,7
377,2015,5714 6 AVENUE Brooklyn,Brooklyn,3
378,2015,511 80 STREET Brooklyn,Brooklyn,3
379,2015,394 AMBOY STREET Brooklyn,Brooklyn,4
380,2015,311 ATKINS AVENUE Brooklyn,Brooklyn,4
381,2015,2714 AVENUE D Brooklyn,Brooklyn,24
382,2015,540 BAINBRIDGE STREET Brooklyn,Brooklyn,6
383,2015,1063 BEDFORD AVENUE Brooklyn,Brooklyn,14
384,2015,816 BELMONT AVENUE Brooklyn,Brooklyn,13
385,2015,1144 BERGEN STREET Brooklyn,Brooklyn,17
386,2015,1967 BERGEN STREET Brooklyn,Brooklyn,7
387,2015,625 BLAKE AVENUE Brooklyn,Brooklyn,5
388,2015,627 BLAKE AVENUE Brooklyn,Brooklyn,5
389,2015,147 BLEECKER STREET Brooklyn,Brooklyn,4
390,2015,717 BUSHWICK AVENUE Brooklyn,Brooklyn,3
391,2015,324 CENTRAL AVENUE Brooklyn,Brooklyn,6
392,2015,95 CLAY STREET Brooklyn,Brooklyn,8
393,2015,63 COOPER STREET Brooklyn,Brooklyn,6
394,2015,192 COOPER STREET Brooklyn,Brooklyn,3
395,2015,1050 CRESCENT STREET Brooklyn,Brooklyn,3
396,2015,980 DE KALB AVENUE Brooklyn,Brooklyn,3
397,2015,1416 DE KALB AVENUE Brooklyn,Brooklyn,6
398,2015,1567 DE KALB AVENUE Brooklyn,Brooklyn,8
399,2015,1237 DEAN STREET Brooklyn,Brooklyn,13
400,2015,448 DECATUR STREET Brooklyn,Brooklyn,3
401,2015,125 DUMONT AVENUE Brooklyn,Brooklyn,4
402,2015,2785 EAST 15 STREET Brooklyn,Brooklyn,4
403,2015,410 EAST 17 STREET Brooklyn,Brooklyn,30
404,2015,324 EAST 29 STREET Brooklyn,Brooklyn,3
405,2015,388 EAST 34 STREET Brooklyn,Brooklyn,6
406,2015,447 EAST 45 STREET Brooklyn,Brooklyn,6
407,2015,397 EAST 49 STREET Brooklyn,Brooklyn,34
408,2015,141 EAST 54 STREET Brooklyn,Brooklyn,15
409,2015,491 EAST 94 STREET Brooklyn,Brooklyn,20
410,2015,489 EAST NEW YORK AVENUE Brooklyn,Brooklyn,4
411,2015,1575 EAST NEW YORK AVENUE Brooklyn,Brooklyn,3
412,2015,1165 EASTERN PARKWAY Brooklyn,Brooklyn,16
413,2015,1999 EASTERN PARKWAY Brooklyn,Brooklyn,3
414,2015,1869 EASTERN PARKWAY EXTENSION Brooklyn,Brooklyn,3
415,2015,562 EVERGREEN AVENUE Brooklyn,Brooklyn,5
416,2015,643 FRANKLIN AVENUE Brooklyn,Brooklyn,8
417,2015,113 FREEMAN STREET Brooklyn,Brooklyn,6
418,2015,3221 FULTON STREET Brooklyn,Brooklyn,6
419,2015,823 GATES AVENUE Brooklyn,Brooklyn,4
420,2015,1556 GREENE AVENUE Brooklyn,Brooklyn,3
421,2015,1228 HALSEY STREET Brooklyn,Brooklyn,3
422,2015,243 HANCOCK STREET Brooklyn,Brooklyn,12
423,2015,268 HANCOCK STREET Brooklyn,Brooklyn,3
424,2015,525 HANCOCK STREET Brooklyn,Brooklyn,3
425,2015,1238 HANCOCK STREET Brooklyn,Brooklyn,3
426,2015,306 HARMAN STREET Brooklyn,Brooklyn,6
427,2015,682 HART STREET Brooklyn,Brooklyn,3
428,2015,1058 HERKIMER STREET Brooklyn,Brooklyn,4
429,2015,351 HOWARD AVENUE Brooklyn,Brooklyn,23
430,2015,175 HULL STREET Brooklyn,Brooklyn,3
431,2015,240 HULL STREET Brooklyn,Brooklyn,3
432,2015,245 HULL STREET Brooklyn,Brooklyn,6
433,2015,992 JEFFERSON AVENUE Brooklyn,Brooklyn,9
434,2015,9427 KINGS HIGHWAY Brooklyn,Brooklyn,48
435,2015,727 KNICKERBOCKER AVENUE Brooklyn,Brooklyn,4
436,2015,802 LAFAYETTE AVENUE Brooklyn,Brooklyn,3
437,2015,307 LEGION STREET Brooklyn,Brooklyn,4
438,2015,385 LEGION STREET Brooklyn,Brooklyn,4
439,2015,247 LINCOLN AVENUE Brooklyn,Brooklyn,3
440,2015,560 LINCOLN PLACE Brooklyn,Brooklyn,21
441,2015,333 LINCOLN ROAD Brooklyn,Brooklyn,8
442,2015,30 LINDEN STREET Brooklyn,Brooklyn,6
443,2015,785 MAC DONOUGH STREET Brooklyn,Brooklyn,3
444,2015,401 MACON STREET Brooklyn,Brooklyn,16
445,2015,821 MADISON STREET Brooklyn,Brooklyn,3
446,2015,82 MARION STREET Brooklyn,Brooklyn,8
447,2015,580 MIDWOOD STREET Brooklyn,Brooklyn,4
448,2015,361 MILLER AVENUE Brooklyn,Brooklyn,20
449,2015,648 MONROE STREET Brooklyn,Brooklyn,3
450,2015,300 NASSAU AVENUE Brooklyn,Brooklyn,6
451,2015,418 NEW JERSEY AVENUE Brooklyn,Brooklyn,5
452,2015,722 NEW LOTS AVENUE Brooklyn,Brooklyn,3
453,2015,2010 NEWKIRK AVENUE Brooklyn,Brooklyn,32
454,2015,2011 NOSTRAND AVENUE Brooklyn,Brooklyn,3
455,2015,2026 NOSTRAND AVENUE Brooklyn,Brooklyn,11
456,2015,1985 OCEAN AVENUE Brooklyn,Brooklyn,48
457,2015,2630 OCEAN AVENUE Brooklyn,Brooklyn,47
458,2015,580 OSBORN STREET Brooklyn,Brooklyn,4
459,2015,2127 PACIFIC STREET Brooklyn,Brooklyn,3
460,2015,364 PALMETTO STREET Brooklyn,Brooklyn,6
461,2015,1939 PARK PLACE Brooklyn,Brooklyn,37
462,2015,1398 PITKIN AVENUE Brooklyn,Brooklyn,5
463,2015,1803 PITKIN AVENUE Brooklyn,Brooklyn,24
464,2015,2488 PITKIN AVENUE Brooklyn,Brooklyn,3
465,2015,285 POWELL STREET Brooklyn,Brooklyn,3
466,2015,1922 PROSPECT PLACE Brooklyn,Brooklyn,4
467,2015,257 QUINCY STREET Brooklyn,Brooklyn,21
468,2015,510 RALPH AVENUE Brooklyn,Brooklyn,4
469,2015,510 RIVERDALE AVENUE Brooklyn,Brooklyn,22
470,2015,223 ROCKAWAY AVENUE Brooklyn,Brooklyn,3
471,2015,253 SARATOGA AVENUE Brooklyn,Brooklyn,3
472,2015,180 SCHAEFER STREET Brooklyn,Brooklyn,3
473,2015,181 SCHAEFER STREET Brooklyn,Brooklyn,3
474,2015,560 SHEFFIELD AVENUE Brooklyn,Brooklyn,6
475,2015,1808 ST JOHNS PLACE Brooklyn,Brooklyn,3
476,2015,952 ST MARKS AVENUE Brooklyn,Brooklyn,40
477,2015,375 SUMPTER STREET Brooklyn,Brooklyn,6
478,2015,545 THROOP AVENUE Brooklyn,Brooklyn,4
479,2015,583 VAN SICLEN AVENUE Brooklyn,Brooklyn,6
480,2015,287 VERMONT STREET Brooklyn,Brooklyn,3
481,2015,151 WEIRFIELD STREET Brooklyn,Brooklyn,3
482,2015,2842 WEST 35 STREET Brooklyn,Brooklyn,4
483,2015,582 WILLIAMS AVENUE Brooklyn,Brooklyn,4
484,2015,170 WILSON AVENUE Brooklyn,Brooklyn,6
485,2015,636 WILSON AVENUE Brooklyn,Brooklyn,6
486,2015,131 WYCKOFF AVENUE Brooklyn,Brooklyn,8
487,2015,470 WYONA STREET Brooklyn,Brooklyn,3
488,2015,86-06 102 AVENUE Queens,Queens,3
489,2015,34-46 107 STREET Queens,Queens,3
490,2015,101-68 126 STREET Queens,Queens,3
491,2015,106-43 156 STREET Queens,Queens,4
492,2015,60-72 56 STREET Queens,Queens,4
493,2015,110-97 85 AVENUE Queens,Queens,3
494,2015,26-11 96 STREET Queens,Queens,4
495,2015,1720 HARMAN STREET Queens,Queens,6
496,2015,146-42 LAKEWOOD AVENUE Queens,Queens,5
497,2015,11-24 MC BRIDE STREET Queens,Queens,3
498,2015,20-20 MENAHAN STREET Queens,Queens,3
499,2015,411 JERSEY STREET Staten Island,Staten Island,5
500,2014,140 4 AVENUE Brooklyn,Brooklyn,8
501,2014,5717 4 AVENUE Brooklyn,Brooklyn,8
502,2014,1366 40 STREET Brooklyn,Brooklyn,6
503,2014,2270 ATLANTIC AVENUE Brooklyn,Brooklyn,3
504,2014,221 AVENUE F Brooklyn,Brooklyn,21
505,2014,372 BALTIC STREET Brooklyn,Brooklyn,8
506,2014,883 BELMONT AVENUE Brooklyn,Brooklyn,4
507,2014,461 BERRIMAN STREET Brooklyn,Brooklyn,9
508,2014,1262 BLAKE AVENUE Brooklyn,Brooklyn,3
509,2014,92 BROOKLYN AVENUE Brooklyn,Brooklyn,8
510,2014,1144 BUSHWICK AVENUE Brooklyn,Brooklyn,8
511,2014,487 CHAUNCEY STREET Brooklyn,Brooklyn,6
512,2014,494 CHAUNCEY STREET Brooklyn,Brooklyn,3
513,2014,67 CLARKSON AVENUE Brooklyn,Brooklyn,3
514,2014,338 CLIFTON PLACE Brooklyn,Brooklyn,8
515,2014,526 DAHILL ROAD Brooklyn,Brooklyn,20
516,2014,1519 DE KALB AVENUE Brooklyn,Brooklyn,6
517,2014,652 DEAN STREET Brooklyn,Brooklyn,3
518,2014,2158 DEAN STREET Brooklyn,Brooklyn,6
519,2014,234 EAST 92 STREET Brooklyn,Brooklyn,3
520,2014,234 EAST 93 STREET Brooklyn,Brooklyn,3
521,2014,491 EAST 94 STREET Brooklyn,Brooklyn,20
522,2014,273 EAST 95 STREET Brooklyn,Brooklyn,4
523,2014,702 EAST NEW YORK AVENUE Brooklyn,Brooklyn,20
524,2014,982 EASTERN PARKWAY Brooklyn,Brooklyn,23
525,2014,557 EUCLID AVENUE Brooklyn,Brooklyn,4
526,2014,127 EVERGREEN AVENUE Brooklyn,Brooklyn,8
527,2014,1466 FULTON STREET Brooklyn,Brooklyn,3
528,2014,1496 FULTON STREET Brooklyn,Brooklyn,4
529,2014,2015 FULTON STREET Brooklyn,Brooklyn,3
530,2014,76 GEORGE STREET Brooklyn,Brooklyn,6
531,2014,486 GLENMORE AVENUE Brooklyn,Brooklyn,6
532,2014,834 HALSEY STREET Brooklyn,Brooklyn,3
533,2014,1229 HALSEY STREET Brooklyn,Brooklyn,8
534,2014,1322 HALSEY STREET Brooklyn,Brooklyn,6
535,2014,700 HANCOCK STREET Brooklyn,Brooklyn,6
536,2014,865 HART STREET Brooklyn,Brooklyn,6
537,2014,45 HAWTHORNE STREET Brooklyn,Brooklyn,54
538,2014,173 HEMLOCK STREET Brooklyn,Brooklyn,4
539,2014,187 HENDRIX STREET Brooklyn,Brooklyn,3
540,2014,733 HINSDALE STREET Brooklyn,Brooklyn,4
541,2014,121 HULL STREET Brooklyn,Brooklyn,3
542,2014,185 HULL STREET Brooklyn,Brooklyn,3
543,2014,171 IRVING AVENUE Brooklyn,Brooklyn,5
544,2014,131 JEFFERSON AVENUE Brooklyn,Brooklyn,3
545,2014,682 JEFFERSON AVENUE Brooklyn,Brooklyn,6
546,2014,576 JEROME STREET Brooklyn,Brooklyn,3
547,2014,207 KOSCIUSZKO STREET Brooklyn,Brooklyn,3
548,2014,702 LAFAYETTE AVENUE Brooklyn,Brooklyn,3
549,2014,84 LAWRENCE AVENUE Brooklyn,Brooklyn,35
550,2014,163 MADISON STREET Brooklyn,Brooklyn,3
551,2014,456 MADISON STREET Brooklyn,Brooklyn,6
552,2014,778 MADISON STREET Brooklyn,Brooklyn,3
553,2014,886 MADISON STREET Brooklyn,Brooklyn,8
554,2014,207 MALCOLM X BOULEVARD Brooklyn,Brooklyn,3
555,2014,215 MARION STREET Brooklyn,Brooklyn,12
556,2014,505 MC DONALD AVENUE Brooklyn,Brooklyn,6
557,2014,1612 MERMAID AVENUE Brooklyn,Brooklyn,7
558,2014,249 MIDWOOD STREET Brooklyn,Brooklyn,16
559,2014,523 MILFORD STREET Brooklyn,Brooklyn,3
560,2014,219 MONTAUK AVENUE Brooklyn,Brooklyn,4
561,2014,275 NEPTUNE AVENUE Brooklyn,Brooklyn,5
562,2014,823 NOSTRAND AVENUE Brooklyn,Brooklyn,10
563,2014,115 OCEAN AVENUE Brooklyn,Brooklyn,89
564,2014,1055 OCEAN AVENUE Brooklyn,Brooklyn,20
565,2014,473 PARK PLACE Brooklyn,Brooklyn,8
566,2014,152 PATCHEN AVENUE Brooklyn,Brooklyn,7
567,2014,518 PENNSYLVANIA AVENUE Brooklyn,Brooklyn,19
568,2014,2227 PITKIN AVENUE Brooklyn,Brooklyn,5
569,2014,1159 PRESIDENT STREET Brooklyn,Brooklyn,20
570,2014,270 PROSPECT PARK WEST Brooklyn,Brooklyn,7
571,2014,272 PROSPECT PARK WEST Brooklyn,Brooklyn,6
572,2014,334 PUTNAM AVENUE Brooklyn,Brooklyn,6
573,2014,1301 PUTNAM AVENUE Brooklyn,Brooklyn,6
574,2014,827 QUINCY STREET Brooklyn,Brooklyn,3
575,2014,444 RALPH AVENUE Brooklyn,Brooklyn,6
576,2014,147 ROCKAWAY PARKWAY Brooklyn,Brooklyn,6
577,2014,433 ROGERS AVENUE Brooklyn,Brooklyn,12
578,2014,138 SARATOGA AVENUE Brooklyn,Brooklyn,6
579,2014,284 SCHAEFER STREET Brooklyn,Brooklyn,3
580,2014,25 SCHENCK AVENUE Brooklyn,Brooklyn,3
581,2014,285 SHEPHERD AVENUE Brooklyn,Brooklyn,3
582,2014,11 SOMERS STREET Brooklyn,Brooklyn,3
583,2014,1279 ST JOHNS PLACE Brooklyn,Brooklyn,6
584,2014,1280 ST JOHNS PLACE Brooklyn,Brooklyn,20
585,2014,1385 ST JOHNS PLACE Brooklyn,Brooklyn,8
586,2014,683 STERLING PLACE Brooklyn,Brooklyn,6
587,2014,1392 STERLING PLACE Brooklyn,Brooklyn,23
588,2014,1460 STERLING PLACE Brooklyn,Brooklyn,36
589,2014,2 STODDARD PLACE Brooklyn,Brooklyn,54
590,2014,2284 STRAUSS STREET Brooklyn,Brooklyn,4
591,2014,271 SULLIVAN PLACE Brooklyn,Brooklyn,23
592,2014,166 SUMPTER STREET Brooklyn,Brooklyn,6
593,2014,268A THROOP AVENUE Brooklyn,Brooklyn,3
594,2014,107 TROUTMAN STREET Brooklyn,Brooklyn,5
595,2014,1059 UNION STREET Brooklyn,Brooklyn,32
596,2014,1578 UNION STREET Brooklyn,Brooklyn,14
597,2014,915 UTICA AVENUE Brooklyn,Brooklyn,5
598,2014,665 WATKINS STREET Brooklyn,Brooklyn,3
599,2014,2826 WEST 19 STREET Brooklyn,Brooklyn,4
600,2014,576 WILLIAMS AVENUE Brooklyn,Brooklyn,4
601,2014,55 WINTHROP STREET Brooklyn,Brooklyn,76
602,2014,567 WYONA STREET Brooklyn,Brooklyn,4
603,2014,4417 3 AVENUE Bronx,Bronx,4
604,2014,2070 ARTHUR AVENUE Bronx,Bronx,27
605,2014,789 ASTOR AVENUE Bronx,Bronx,73
606,2014,3210 BAINBRIDGE AVENUE Bronx,Bronx,7
607,2014,1489 BEACH AVENUE Bronx,Bronx,5
608,2014,2350 BEAUMONT AVENUE Bronx,Bronx,30
609,2014,2409 BEAUMONT AVENUE Bronx,Bronx,23
610,2014,1485 BRYANT AVENUE Bronx,Bronx,3
611,2014,349 CONCORD AVENUE Bronx,Bronx,3
612,2014,2264 CRESTON AVENUE Bronx,Bronx,60
613,2014,2166 CROTONA AVENUE Bronx,Bronx,3
614,2014,3230 CRUGER AVENUE Bronx,Bronx,79
615,2014,2490 DAVIDSON AVENUE Bronx,Bronx,36
616,2014,1656 DR M L KING JR BOULEVARD Bronx,Bronx,19
617,2014,702FRONT EAGLE AVENUE Bronx,Bronx,7
618,2014,743 EAST 136 STREET Bronx,Bronx,6
619,2014,805 EAST 156 STREET Bronx,Bronx,4
620,2014,771 EAST 169 STREET Bronx,Bronx,3
621,2014,54 EAST 179 STREET Bronx,Bronx,27
622,2014,722 EAST 181 STREET Bronx,Bronx,3
623,2014,861 EAST 181 STREET Bronx,Bronx,12
624,2014,822 EAST 220 STREET Bronx,Bronx,3
625,2014,812 EAST 223 STREET Bronx,Bronx,4
626,2014,750 EAST 224 STREET Bronx,Bronx,3
627,2014,1133 EAST 224 STREET Bronx,Bronx,3
628,2014,1118 EAST 225 STREET Bronx,Bronx,3
629,2014,730 EAST 227 STREET Bronx,Bronx,3
630,2014,1359 FINDLAY AVENUE Bronx,Bronx,11
631,2014,3347 FISH AVENUE Bronx,Bronx,4
632,2014,1253 FRANKLIN AVENUE Bronx,Bronx,37
633,2014,4359 FURMAN AVENUE Bronx,Bronx,23
634,2014,2262 HUGHES AVENUE Bronx,Bronx,3
635,2014,766 JACKSON AVENUE Bronx,Bronx,3
636,2014,1465 JESUP AVENUE Bronx,Bronx,55
637,2014,1545 LELAND AVENUE Bronx,Bronx,3
638,2014,833 LONGFELLOW AVENUE Bronx,Bronx,26
639,2014,636 MANIDA STREET Bronx,Bronx,3
640,2014,4459 MATILDA AVENUE Bronx,Bronx,22
641,2014,1265 MORRISON AVENUE Bronx,Bronx,59
642,2014,31 MT HOPE PLACE Bronx,Bronx,26
643,2014,1026 OLD KINGSBRIDGE ROAD Bronx,Bronx,3
644,2014,4683 PARK AVENUE Bronx,Bronx,8
645,2014,716 PENFIELD STREET Bronx,Bronx,7
646,2014,1790 PROSPECT AVENUE Bronx,Bronx,4
647,2014,1027 REV JAMES POLITE AVENUE Bronx,Bronx,3
648,2014,2234 RYER AVENUE Bronx,Bronx,21
649,2014,1632 TAYLOR AVENUE Bronx,Bronx,4
650,2014,1059 TELLER AVENUE Bronx,Bronx,3
651,2014,3094 VILLA AVENUE Bronx,Bronx,15
652,2014,3660 WALDO AVENUE Bronx,Bronx,87
653,2014,1292 WASHINGTON AVENUE Bronx,Bronx,30
654,2014,2031 WEBSTER AVENUE Bronx,Bronx,30
655,2014,1140 WHEELER AVENUE Bronx,Bronx,4
656,2014,4769 WHITE PLAINS ROAD Bronx,Bronx,61
657,2014,4400 WICKHAM AVENUE Bronx,Bronx,23
658,2014,3855 10 AVENUE Manhattan,Manhattan,23
659,2014,127 EAST 102 STREET Manhattan,Manhattan,28
660,2014,185 EAST 117 STREET Manhattan,Manhattan,4
661,2014,180 EDGECOMBE AVENUE Manhattan,Manhattan,43
662,2014,211 EDGECOMBE AVENUE Manhattan,Manhattan,36
663,2014,108 ELLWOOD STREET Manhattan,Manhattan,26
664,2014,99 MARBLE HILL AVENUE Manhattan,Manhattan,56
665,2014,92 NAGLE AVENUE Manhattan,Manhattan,67
666,2014,590 RIVERSIDE DRIVE Manhattan,Manhattan,40
667,2014,684 RIVERSIDE DRIVE Manhattan,Manhattan,37
668,2014,128 SEAMAN AVENUE Manhattan,Manhattan,24
669,2014,348 ST NICHOLAS AVENUE Manhattan,Manhattan,10
670,2014,205 WEST 107 STREET Manhattan,Manhattan,14
671,2014,158 WEST 132 STREET Manhattan,Manhattan,10
672,2014,545 WEST 144 STREET Manhattan,Manhattan,20
673,2014,277 WEST 150 STREET Manhattan,Manhattan,20
674,2014,454 WEST 152 STREET Manhattan,Manhattan,21
675,2014,609 WEST 180 STREET Manhattan,Manhattan,21
676,2014,712 WEST 180 STREET Manhattan,Manhattan,21
677,2014,87-45 115 STREET Queens,Queens,3
678,2014,87-75 148 STREET Queens,Queens,6
679,2014,67-26 78 STREET Queens,Queens,12
680,2014,26-11 96 STREET Queens,Queens,4
681,2014,157 BEACH 26 STREET Queens,Queens,3
682,2014,455 BEACH 36 STREET Queens,Queens,4
683,2014,1734 BLEECKER STREET Queens,Queens,6
684,2014,32-31 GREENPOINT AVENUE Queens,Queens,4
685,2014,20-20 MENAHAN STREET Queens,Queens,3
686,2014,88-22 PARSONS BOULEVARD Queens,Queens,37
687,2013,2026 2 AVENUE Manhattan,Manhattan,6
688,2013,2167 ADAM C POWELL BOULEVARD Manhattan,Manhattan,54
689,2013,2516 ADAM C POWELL BOULEVARD Manhattan,Manhattan,21
690,2013,1646 AMSTERDAM AVENUE Manhattan,Manhattan,8
691,2013,1985 AMSTERDAM AVENUE Manhattan,Manhattan,22
692,2013,9 CABRINI BOULEVARD Manhattan,Manhattan,35
693,2013,114 EAST 1 STREET Manhattan,Manhattan,33
694,2013,408 EAST 120 STREET Manhattan,Manhattan,4
695,2013,226 FT WASHINGTON AVENUE Manhattan,Manhattan,22
696,2013,121 HENRY STREET Manhattan,Manhattan,20
697,2013,2 JUMEL TERRACE Manhattan,Manhattan,25
698,2013,992 ST NICHOLAS AVENUE Manhattan,Manhattan,28
699,2013,1238 ST NICHOLAS AVENUE Manhattan,Manhattan,40
700,2013,1534 ST NICHOLAS AVENUE Manhattan,Manhattan,28
701,2013,77 WEST 119 STREET Manhattan,Manhattan,4
702,2013,160 WEST 121 STREET Manhattan,Manhattan,11
703,2013,162 WEST 132 STREET Manhattan,Manhattan,12
704,2013,496 WEST 133 STREET Manhattan,Manhattan,15
705,2013,273 WEST 138 STREET Manhattan,Manhattan,6
706,2013,133 WEST 145 STREET Manhattan,Manhattan,29
707,2013,501 WEST 150 STREET Manhattan,Manhattan,4
708,2013,516 WEST 156 STREET Manhattan,Manhattan,22
709,2013,534 WEST 178 STREET Manhattan,Manhattan,21
710,2013,560 WEST 184 STREET Manhattan,Manhattan,21
711,2013,2160 ANTHONY AVENUE Bronx,Bronx,39
712,2013,1472 BEACH AVENUE Bronx,Bronx,30
713,2013,1045 BOYNTON AVENUE Bronx,Bronx,20
714,2013,1384 BRISTOW STREET Bronx,Bronx,21
715,2013,105 CLARKE PLACE EAST Bronx,Bronx,67
716,2013,1259 CLAY AVENUE Bronx,Bronx,53
717,2013,1308 CLAY AVENUE Bronx,Bronx,3
718,2013,1042 COLLEGE AVENUE Bronx,Bronx,3
719,2013,1230 COLLEGE AVENUE Bronx,Bronx,4
720,2013,3631 CORLEAR AVENUE Bronx,Bronx,4
721,2013,828 COURTLANDT AVENUE Bronx,Bronx,16
722,2013,1985 CRESTON AVENUE Bronx,Bronx,41
723,2013,1479 CROMWELL AVENUE Bronx,Bronx,72
724,2013,2068 CROTONA PARKWAY Bronx,Bronx,8
725,2013,1950 DALY AVENUE Bronx,Bronx,56
726,2013,459 EAST 135 STREET Bronx,Bronx,10
727,2013,585 EAST 137 STREET Bronx,Bronx,17
728,2013,343 EAST 138 STREET Bronx,Bronx,9
729,2013,539 EAST 147 STREET Bronx,Bronx,11
730,2013,541 EAST 147 STREET Bronx,Bronx,10
731,2013,555 EAST 169 STREET Bronx,Bronx,18
732,2013,1725 EAST 172 STREET Bronx,Bronx,5
733,2013,878 EAST 176 STREET Bronx,Bronx,21
734,2013,490 EAST 184 STREET Bronx,Bronx,16
735,2013,265 EAST 194 STREET Bronx,Bronx,26
736,2013,15 EAST 199 STREET Bronx,Bronx,31
737,2013,246 EAST 199 STREET Bronx,Bronx,47
738,2013,720 EAST 216 STREET Bronx,Bronx,3
739,2013,709 FAIRMOUNT PLACE Bronx,Bronx,61
740,2013,1122 FOX STREET Bronx,Bronx,4
741,2013,1930 GRAND CONCOURSE Bronx,Bronx,62
742,2013,900 HOE AVENUE Bronx,Bronx,46
743,2013,1070 INTERVALE AVENUE Bronx,Bronx,3
744,2013,755 JACKSON AVENUE Bronx,Bronx,11
745,2013,787 JENNINGS STREET Bronx,Bronx,3
746,2013,1888 LACOMBE AVENUE Bronx,Bronx,4
747,2013,2006 LAFONTAINE AVENUE Bronx,Bronx,3
748,2013,1445 LELAND AVENUE Bronx,Bronx,4
749,2013,1459 LELAND AVENUE Bronx,Bronx,4
750,2013,4379 MATILDA AVENUE Bronx,Bronx,7
751,2013,562 MORRIS AVENUE Bronx,Bronx,20
752,2013,1417 NEEDHAM AVENUE Bronx,Bronx,3
753,2013,1667 NELSON AVENUE Bronx,Bronx,9
754,2013,919 PROSPECT AVENUE Bronx,Bronx,31
755,2013,4318 RICHARDSON AVENUE Bronx,Bronx,7
756,2013,3515 ROCHAMBEAU AVENUE Bronx,Bronx,36
757,2013,977 SACKETT AVENUE Bronx,Bronx,3
758,2013,1256 SHAKESPEARE AVENUE Bronx,Bronx,3
759,2013,1231 SHERIDAN AVENUE Bronx,Bronx,54
760,2013,956 SHERMAN AVENUE Bronx,Bronx,21
761,2013,1054 SOUTHERN BOULEVARD Bronx,Bronx,55
762,2013,1261 SPOFFORD AVENUE Bronx,Bronx,3
763,2013,1535 TAYLOR AVENUE Bronx,Bronx,41
764,2013,1237 TINTON AVENUE Bronx,Bronx,3
765,2013,2856 WEBB AVENUE Bronx,Bronx,25
766,2013,150 WEST 179 STREET Bronx,Bronx,36
767,2013,236 WILLIS AVENUE Bronx,Bronx,7
768,2013,3043B WILSON AVENUE Bronx,Bronx,3
769,2013,304 10 STREET Brooklyn,Brooklyn,25
770,2013,34 3 PLACE Brooklyn,Brooklyn,3
771,2013,461 4 AVENUE Brooklyn,Brooklyn,3
772,2013,454 40 STREET Brooklyn,Brooklyn,6
773,2013,953 42 STREET Brooklyn,Brooklyn,6
774,2013,759 44 STREET Brooklyn,Brooklyn,4
775,2013,545 46 STREET Brooklyn,Brooklyn,17
776,2013,553 46 STREET Brooklyn,Brooklyn,17
777,2013,557 46 STREET Brooklyn,Brooklyn,17
778,2013,740 53 STREET Brooklyn,Brooklyn,6
779,2013,2152 ATLANTIC AVENUE Brooklyn,Brooklyn,3
780,2013,2294 ATLANTIC AVENUE Brooklyn,Brooklyn,3
781,2013,2298 ATLANTIC AVENUE Brooklyn,Brooklyn,3
782,2013,543 BAINBRIDGE STREET Brooklyn,Brooklyn,3
783,2013,601 BAINBRIDGE STREET Brooklyn,Brooklyn,3
784,2013,2306 BEDFORD AVENUE Brooklyn,Brooklyn,3
785,2013,1027 BELMONT AVENUE Brooklyn,Brooklyn,4
786,2013,1148 BLAKE AVENUE Brooklyn,Brooklyn,4
787,2013,454 BRADFORD STREET Brooklyn,Brooklyn,6
788,2013,181 CHAUNCEY STREET Brooklyn,Brooklyn,8
789,2013,500 CHAUNCEY STREET Brooklyn,Brooklyn,3
790,2013,559 CHAUNCEY STREET Brooklyn,Brooklyn,3
791,2013,71 CORNELIA STREET Brooklyn,Brooklyn,3
792,2013,1512 DE KALB AVENUE Brooklyn,Brooklyn,6
793,2013,78 DE SALES PLACE Brooklyn,Brooklyn,4
794,2013,1211 DEAN STREET Brooklyn,Brooklyn,8
795,2013,125 DUMONT AVENUE Brooklyn,Brooklyn,4
796,2013,341 EAST 19 STREET Brooklyn,Brooklyn,35
797,2013,309 EAST 94 STREET Brooklyn,Brooklyn,6
798,2013,374 EASTERN PARKWAY Brooklyn,Brooklyn,38
799,2013,1018 EASTERN PARKWAY Brooklyn,Brooklyn,34
800,2013,1363 EASTERN PARKWAY Brooklyn,Brooklyn,5
801,2013,448 EMPIRE BOULEVARD Brooklyn,Brooklyn,4
802,2013,537 EVERGREEN AVENUE Brooklyn,Brooklyn,3
803,2013,599 FLATBUSH AVENUE Brooklyn,Brooklyn,11
804,2013,1014 GLENMORE AVENUE Brooklyn,Brooklyn,4
805,2013,2 GRANT AVENUE Brooklyn,Brooklyn,5
806,2013,571 GREENE AVENUE Brooklyn,Brooklyn,3
807,2013,977 GREENE AVENUE Brooklyn,Brooklyn,3
808,2013,1141 GREENE AVENUE Brooklyn,Brooklyn,6
809,2013,119 GUERNSEY STREET Brooklyn,Brooklyn,6
810,2013,123 HALSEY STREET Brooklyn,Brooklyn,5
811,2013,679 HALSEY STREET Brooklyn,Brooklyn,6
812,2013,1351 HANCOCK STREET Brooklyn,Brooklyn,6
813,2013,1359 HANCOCK STREET Brooklyn,Brooklyn,6
814,2013,296 HARMAN STREET Brooklyn,Brooklyn,6
815,2013,946 HERKIMER STREET Brooklyn,Brooklyn,3
816,2013,144 JAMAICA AVENUE Brooklyn,Brooklyn,4
817,2013,433 JEFFERSON AVENUE Brooklyn,Brooklyn,6
818,2013,840 JEFFERSON AVENUE Brooklyn,Brooklyn,8
819,2013,228 JEFFERSON STREET Brooklyn,Brooklyn,6
820,2013,256 JEFFERSON STREET Brooklyn,Brooklyn,6
821,2013,727 KNICKERBOCKER AVENUE Brooklyn,Brooklyn,4
822,2013,862 KNICKERBOCKER AVENUE Brooklyn,Brooklyn,6
823,2013,490 KOSCIUSKO STREET Brooklyn,Brooklyn,8
824,2013,296 LEGION STREET Brooklyn,Brooklyn,3
825,2013,235 LEXINGTON AVENUE Brooklyn,Brooklyn,3
826,2013,464 LEXINGTON AVENUE Brooklyn,Brooklyn,4
827,2013,269 LINDEN STREET Brooklyn,Brooklyn,3
828,2013,308 LINDEN STREET Brooklyn,Brooklyn,3
829,2013,445 LINWOOD STREET Brooklyn,Brooklyn,3
830,2013,648 LINWOOD STREET Brooklyn,Brooklyn,6
831,2013,15 LOCUST STREET Brooklyn,Brooklyn,6
832,2013,44 MAC DONOUGH STREET Brooklyn,Brooklyn,16
833,2013,1381 MADISON STREET Brooklyn,Brooklyn,6
834,2013,189 MALCOLM X BOULEVARD Brooklyn,Brooklyn,3
835,2013,815 MARCY AVENUE Brooklyn,Brooklyn,4
836,2013,346 MARION STREET Brooklyn,Brooklyn,6
837,2013,12 MARTENSE STREET Brooklyn,Brooklyn,21
838,2013,1612 MERMAID AVENUE Brooklyn,Brooklyn,7
839,2013,177 MILFORD STREET Brooklyn,Brooklyn,4
840,2013,179 MILFORD STREET Brooklyn,Brooklyn,11
841,2013,90 MONROE STREET Brooklyn,Brooklyn,7
842,2013,482 MONROE STREET Brooklyn,Brooklyn,5
843,2013,883 MOTHER GASTON BOULEVARD Brooklyn,Brooklyn,4
844,2013,905 MOTHER GASTON BOULEVARD Brooklyn,Brooklyn,4
845,2013,3506 NEWKIRK AVENUE Brooklyn,Brooklyn,29
846,2013,156 NORWOOD AVENUE Brooklyn,Brooklyn,3
847,2013,1605 NOSTRAND AVENUE Brooklyn,Brooklyn,3
848,2013,1033 OCEAN AVENUE Brooklyn,Brooklyn,16
849,2013,1316 PACIFIC STREET Brooklyn,Brooklyn,8
850,2013,360 PALMETTO STREET Brooklyn,Brooklyn,6
851,2013,745 PARK AVENUE Brooklyn,Brooklyn,6
852,2013,1843 PITKIN AVENUE Brooklyn,Brooklyn,3
853,2013,80 POWELL STREET Brooklyn,Brooklyn,8
854,2013,920 PROSPECT PLACE Brooklyn,Brooklyn,8
855,2013,940 PROSPECT PLACE Brooklyn,Brooklyn,16
856,2013,1608 PROSPECT PLACE Brooklyn,Brooklyn,4
857,2013,829 PUTNAM AVENUE Brooklyn,Brooklyn,4
858,2013,1178 PUTNAM AVENUE Brooklyn,Brooklyn,3
859,2013,379 ROCKAWAY PARKWAY Brooklyn,Brooklyn,4
860,2013,99 ROGERS AVENUE Brooklyn,Brooklyn,7
861,2013,10 SACKMAN STREET Brooklyn,Brooklyn,20
862,2013,304 SCHAEFER STREET Brooklyn,Brooklyn,6
863,2013,190 SCHOLES STREET Brooklyn,Brooklyn,6
864,2013,261 STANHOPE STREET Brooklyn,Brooklyn,6
865,2013,415 SUYDAM STREET Brooklyn,Brooklyn,6
866,2013,469 TOMPKINS AVENUE Brooklyn,Brooklyn,4
867,2013,632 VERMONT STREET Brooklyn,Brooklyn,6
868,2013,327 VERNON AVENUE Brooklyn,Brooklyn,6
869,2013,125 WEBSTER AVENUE Brooklyn,Brooklyn,6
870,2013,224 WEIRFIELD STREET Brooklyn,Brooklyn,3
871,2013,144-23 105 AVENUE Queens,Queens,3
872,2013,143-34 97 AVENUE Queens,Queens,3
873,2013,40-19 99 STREET Queens,Queens,21
874,2013,141 BEACH 26 STREET Queens,Queens,3
875,2013,203 BEACH 31 STREET Queens,Queens,3
876,2013,10 BEACH 32 STREET Queens,Queens,4
877,2013,224 BEACH 32 STREET Queens,Queens,3
878,2013,171 BEACH 60 STREET Queens,Queens,3
879,2013,69-16 COOPER AVENUE Queens,Queens,3
880,2013,95-13 NORTHERN BOULEVARD Queens,Queens,14
881,2013,13-63 PINSON STREET Queens,Queens,3
882,2013,34-59 VERNON BOULEVARD Queens,Queens,5
883,2013,34-61 VERNON BOULEVARD Queens,Queens,6
884,2013,676 CARY AVENUE Staten Island,Staten Island,3
885,2013,99 WRIGHT STREET Staten Island,Staten Island,4
886,2013,73 YORK AVENUE Staten Island,Staten Island,3
887,2012,1461 AMSTERDAM AVENUE Manhattan,Manhattan,18
888,2012,1500 AMSTERDAM AVENUE Manhattan,Manhattan,20
889,2012,1661 AMSTERDAM AVENUE Manhattan,Manhattan,8
890,2012,3580 BROADWAY Manhattan,Manhattan,43
891,2012,3750 BROADWAY Manhattan,Manhattan,35
892,2012,4316 BROADWAY Manhattan,Manhattan,21
893,2012,21 EAST 115 STREET Manhattan,Manhattan,10
894,2012,97 ELLWOOD STREET Manhattan,Manhattan,49
895,2012,2710 FREDERICK DOUGLASS BOULEVARD Manhattan,Manhattan,26
896,2012,61 HAMILTON PLACE Manhattan,Manhattan,25
897,2012,294 MANHATTAN AVENUE Manhattan,Manhattan,9
898,2012,16 MARBLE HILL AVENUE Manhattan,Manhattan,42
899,2012,1 SHERMAN AVENUE Manhattan,Manhattan,57
900,2012,1601 ST NICHOLAS AVENUE Manhattan,Manhattan,40
901,2012,135 WEST 131 STREET Manhattan,Manhattan,12
902,2012,561 WEST 144 STREET Manhattan,Manhattan,21
903,2012,413 WEST 145 STREET Manhattan,Manhattan,10
904,2012,543 WEST 146 STREET Manhattan,Manhattan,43
905,2012,541 WEST 150 STREET Manhattan,Manhattan,26
906,2012,605 WEST 151 STREET Manhattan,Manhattan,25
907,2012,529 WEST 158 STREET Manhattan,Manhattan,31
908,2012,2654 BAINBRIDGE AVENUE Bronx,Bronx,3
909,2012,3611 BARNES AVENUE Bronx,Bronx,3
910,2012,454 BARRETT AVENUE Bronx,Bronx,3
911,2012,1339 BRISTOW STREET Bronx,Bronx,21
912,2012,1148 BRYANT AVENUE Bronx,Bronx,8
913,2012,1050 CARROLL PLACE Bronx,Bronx,62
914,2012,540 CONCORD AVENUE Bronx,Bronx,33
915,2012,956 CRANFORD AVENUE Bronx,Bronx,3
916,2012,663 CRESCENT AVENUE Bronx,Bronx,21
917,2012,2323 CRESTON AVENUE Bronx,Bronx,37
918,2012,2333 CRESTON AVENUE Bronx,Bronx,30
919,2012,2538 CRESTON AVENUE Bronx,Bronx,11
920,2012,779 CROTONA PARK NORTH Bronx,Bronx,5
921,2012,2910 CRUGER AVENUE Bronx,Bronx,3
922,2012,2201 DAVIDSON AVENUE Bronx,Bronx,49
923,2012,2707 DECATUR AVENUE Bronx,Bronx,3
924,2012,304 EAST 139 STREET Bronx,Bronx,9
925,2012,422 EAST 148 STREET Bronx,Bronx,9
926,2012,388 EAST 155 STREET Bronx,Bronx,3
927,2012,816 EAST 168 STREET Bronx,Bronx,4
928,2012,127 EAST 169 STREET Bronx,Bronx,35
929,2012,240 EAST 175 STREET Bronx,Bronx,119
930,2012,12 EAST 177 STREET Bronx,Bronx,11
931,2012,943 EAST 179 STREET Bronx,Bronx,9
932,2012,265 EAST 182 STREET Bronx,Bronx,25
933,2012,632 EAST 223 STREET Bronx,Bronx,4
934,2012,749 EAST 223 STREET Bronx,Bronx,6
935,2012,870 EAST 228 STREET Bronx,Bronx,3
936,2012,728 EAST 229 STREET Bronx,Bronx,5
937,2012,822 EAST 230 STREET Bronx,Bronx,7
938,2012,2454 EAST TREMONT AVENUE Bronx,Bronx,3
939,2012,41 ELLIOT PLACE Bronx,Bronx,69
940,2012,3425 GATES PLACE Bronx,Bronx,61
941,2012,1165 GERARD AVENUE Bronx,Bronx,43
942,2012,1183 GERARD AVENUE Bronx,Bronx,54
943,2012,2321 GRAND AVENUE Bronx,Bronx,3
944,2012,785 JENNINGS STREET Bronx,Bronx,3
945,2012,791 JENNINGS STREET Bronx,Bronx,3
946,2012,1255 LONGFELLOW AVENUE Bronx,Bronx,20
947,2012,871 LONGWOOD AVENUE Bronx,Bronx,14
948,2012,2226 LORING PLACE NORTH Bronx,Bronx,32
949,2012,636 MANIDA STREET Bronx,Bronx,3
950,2012,764 MANIDA STREET Bronx,Bronx,3
951,2012,1562 MINFORD PLACE Bronx,Bronx,20
952,2012,1457 OAKLEY STREET Bronx,Bronx,3
953,2012,4683 PARK AVENUE Bronx,Bronx,8
954,2012,1790 PROSPECT AVENUE Bronx,Bronx,4
955,2012,1081 TELLER AVENUE Bronx,Bronx,8
956,2012,1703 VAN BUREN STREET Bronx,Bronx,3
957,2012,1726 VICTOR STREET Bronx,Bronx,3
958,2012,2334 WASHINGTON AVENUE Bronx,Bronx,31
959,2012,2856 WEBB AVENUE Bronx,Bronx,25
960,2012,2412 WEBSTER AVENUE Bronx,Bronx,8
961,2012,1541 WESTCHESTER AVENUE Bronx,Bronx,14
962,2012,1864 WHITE PLAINS ROAD Bronx,Bronx,4
963,2012,3043A WILSON AVENUE Bronx,Bronx,3
964,2012,1040 40 STREET Brooklyn,Brooklyn,3
965,2012,247 46 STREET Brooklyn,Brooklyn,8
966,2012,968 54 STREET Brooklyn,Brooklyn,6
967,2012,837 60 STREET Brooklyn,Brooklyn,27
968,2012,119 ALBANY AVENUE Brooklyn,Brooklyn,7
969,2012,654 ASHFORD STREET Brooklyn,Brooklyn,3
970,2012,542 BAINBRIDGE STREET Brooklyn,Brooklyn,6
971,2012,1090 BEDFORD AVENUE Brooklyn,Brooklyn,4
972,2012,587 BRADFORD STREET Brooklyn,Brooklyn,4
973,2012,1250 BUSHWICK AVENUE Brooklyn,Brooklyn,3
974,2012,1283 BUSHWICK AVENUE Brooklyn,Brooklyn,3
975,2012,1119 CARROLL STREET Brooklyn,Brooklyn,8
976,2012,2201 CATON AVENUE Brooklyn,Brooklyn,36
977,2012,385 CHAUNCEY STREET Brooklyn,Brooklyn,6
978,2012,475 CHAUNCEY STREET Brooklyn,Brooklyn,6
979,2012,512 CLASSON AVENUE Brooklyn,Brooklyn,3
980,2012,38 COOPER STREET Brooklyn,Brooklyn,16
981,2012,812 CROWN STREET Brooklyn,Brooklyn,4
982,2012,879 DE KALB AVENUE Brooklyn,Brooklyn,22
983,2012,1498 DE KALB AVENUE Brooklyn,Brooklyn,6
984,2012,1021 EAST 14 STREET Brooklyn,Brooklyn,3
985,2012,53 EAST 31 STREET Brooklyn,Brooklyn,3
986,2012,92 EAST 53 STREET Brooklyn,Brooklyn,32
987,2012,515 EAST 91 STREET Brooklyn,Brooklyn,3
988,2012,257 EAST 92 STREET Brooklyn,Brooklyn,4
989,2012,326 EAST 94 STREET Brooklyn,Brooklyn,4
990,2012,243 EAST 95 STREET Brooklyn,Brooklyn,4
991,2012,406 EAST 96 STREET Brooklyn,Brooklyn,4
992,2012,864 ELTON STREET Brooklyn,Brooklyn,6
993,2012,697 EVERGREEN AVENUE Brooklyn,Brooklyn,5
994,2012,372 FRANKLIN AVENUE Brooklyn,Brooklyn,8
995,2012,589 FRANKLIN AVENUE Brooklyn,Brooklyn,10
996,2012,1496 FULTON STREET Brooklyn,Brooklyn,4
997,2012,2232 FULTON STREET Brooklyn,Brooklyn,6
998,2012,2011A FULTON STREET Brooklyn,Brooklyn,3
999,2012,3111 GLENWOOD ROAD Brooklyn,Brooklyn,59
1000,2012,857 GREENE AVENUE Brooklyn,Brooklyn,8
1001,2012,1361 GREENE AVENUE Brooklyn,Brooklyn,6
1002,2012,867 HALSEY STREET Brooklyn,Brooklyn,4
1003,2012,1132 HALSEY STREET Brooklyn,Brooklyn,3
1004,2012,331 HANCOCK STREET Brooklyn,Brooklyn,4
1005,2012,1301 HERKIMER STREET Brooklyn,Brooklyn,3
1006,2012,1420 HERKIMER STREET Brooklyn,Brooklyn,3
1007,2012,208 HIMROD STREET Brooklyn,Brooklyn,6
1008,2012,211 IRVING AVENUE Brooklyn,Brooklyn,6
1009,2012,71 IRVING PLACE Brooklyn,Brooklyn,3
1010,2012,670 JAMAICA AVENUE Brooklyn,Brooklyn,3
1011,2012,674 JAMAICA AVENUE Brooklyn,Brooklyn,3
1012,2012,937 JEFFERSON AVENUE Brooklyn,Brooklyn,8
1013,2012,1213 JEFFERSON AVENUE Brooklyn,Brooklyn,3
1014,2012,1219 JEFFERSON AVENUE Brooklyn,Brooklyn,3
1015,2012,533 KNICKERBOCKER AVENUE Brooklyn,Brooklyn,8
1016,2012,729 KNICKERBOCKER AVENUE Brooklyn,Brooklyn,8
1017,2012,871 KNICKERBOCKER AVENUE Brooklyn,Brooklyn,6
1018,2012,638 KOSCIUSKO STREET Brooklyn,Brooklyn,6
1019,2012,644 LAFAYETTE AVENUE Brooklyn,Brooklyn,8
1020,2012,997A LAFAYETTE AVENUE Brooklyn,Brooklyn,6
1021,2012,391 LEGION STREET Brooklyn,Brooklyn,4
1022,2012,1305 LINCOLN PLACE Brooklyn,Brooklyn,8
1023,2012,264 LINDEN STREET Brooklyn,Brooklyn,3
1024,2012,584 LINWOOD STREET Brooklyn,Brooklyn,6
1025,2012,781 MAC DONOUGH STREET Brooklyn,Brooklyn,3
1026,2012,539 MACON STREET Brooklyn,Brooklyn,8
1027,2012,414 MADISON STREET Brooklyn,Brooklyn,3
1028,2012,823 MADISON STREET Brooklyn,Brooklyn,3
1029,2012,649 MARCY AVENUE Brooklyn,Brooklyn,3
1030,2012,435 MARION STREET Brooklyn,Brooklyn,6
1031,2012,614 MARLBOROUGH ROAD Brooklyn,Brooklyn,8
1032,2012,22 MELROSE STREET Brooklyn,Brooklyn,3
1033,2012,20 MENAHAN STREET Brooklyn,Brooklyn,6
1034,2012,368 MILLER AVENUE Brooklyn,Brooklyn,3
1035,2012,665 MILLER AVENUE Brooklyn,Brooklyn,6
1036,2012,711 MILLER AVENUE Brooklyn,Brooklyn,6
1037,2012,1306 MYRTLE AVENUE Brooklyn,Brooklyn,4
1038,2012,1302 PACIFIC STREET Brooklyn,Brooklyn,16
1039,2012,1971 PACIFIC STREET Brooklyn,Brooklyn,3
1040,2012,945 PARK PLACE Brooklyn,Brooklyn,14
1041,2012,1833 PARK PLACE Brooklyn,Brooklyn,3
1042,2012,99 ROGERS AVENUE Brooklyn,Brooklyn,7
1043,2012,136 SACKMAN STREET Brooklyn,Brooklyn,6
1044,2012,339 SARATOGA AVENUE Brooklyn,Brooklyn,8
1045,2012,180 SCHAEFER STREET Brooklyn,Brooklyn,3
1046,2012,186 SCHAEFER STREET Brooklyn,Brooklyn,6
1047,2012,181 SCHAEFFER STREET Brooklyn,Brooklyn,3
1048,2012,145 SCHENCK AVENUE Brooklyn,Brooklyn,3
1049,2012,230 SCHENECTADY AVENUE Brooklyn,Brooklyn,6
1050,2012,177 SHEFFIELD AVENUE Brooklyn,Brooklyn,5
1051,2012,283 SHEPHERD AVENUE Brooklyn,Brooklyn,3
1052,2012,1153 ST JOHNS PLACE Brooklyn,Brooklyn,7
1053,2012,692 ST MARKS AVENUE Brooklyn,Brooklyn,10
1054,2012,1651 ST MARKS AVENUE Brooklyn,Brooklyn,4
1055,2012,2284 STRAUSS STREET Brooklyn,Brooklyn,4
1056,2012,404 SUYDAM STREET Brooklyn,Brooklyn,6
1057,2012,414 SUYDAM STREET Brooklyn,Brooklyn,6
1058,2012,202 TAPSCOTT STREET Brooklyn,Brooklyn,4
1059,2012,578 UNION STREET Brooklyn,Brooklyn,8
1060,2012,2037 UNION STREET Brooklyn,Brooklyn,6
1061,2012,107 VERNON AVENUE Brooklyn,Brooklyn,3
1062,2012,240A VERNON AVENUE Brooklyn,Brooklyn,3
1063,2012,2869 WEST 17 STREET Brooklyn,Brooklyn,6
1064,2012,10 WESTMINSTER ROAD Brooklyn,Brooklyn,21
1065,2012,552 WILLIAMS AVENUE Brooklyn,Brooklyn,4
1066,2012,466 WILLOUGHBY AVENUE Brooklyn,Brooklyn,4
1067,2012,645 WILLOUGHBY AVENUE Brooklyn,Brooklyn,8
1068,2012,73 WILSON AVENUE Brooklyn,Brooklyn,6
1069,2012,504 WILSON AVENUE Brooklyn,Brooklyn,6
1070,2012,736 WYONA STREET Brooklyn,Brooklyn,3
1071,2012,86-01 102 AVENUE Queens,Queens,4
1072,2012,33-32 102 STREET Queens,Queens,4
1073,2012,104-12 104 STREET Queens,Queens,3
1074,2012,20-10 121 STREET Queens,Queens,3
1075,2012,216-23 136 ROAD Queens,Queens,3
1076,2012,106-43 156 STREET Queens,Queens,4
1077,2012,28-02 44 STREET Queens,Queens,24
1078,2012,137 BEACH 26 STREET Queens,Queens,3
1079,2012,139 BEACH 26 STREET Queens,Queens,3
1080,2012,229 BEACH 31 STREET Queens,Queens,3
1081,2012,108-25 LIVERPOOL STREET Queens,Queens,3
1082,2012,11-23 MCBRIDE STREET Queens,Queens,3
1083,2012,1673 PALMETTO STREET Queens,Queens,6
1084,2012,94-01 ROOSEVELT AVENUE Queens,Queens,3
1085,2012,18-79 TROUTMAN STREET Queens,Queens,6
1086,2012,7 OLYMPIA BOULEVARD Staten Island,Staten Island,3
1087,2011,862 9 AVENUE Manhattan,Manhattan,8
1088,2011,647 ACADEMY STREET Manhattan,Manhattan,26
1089,2011,1627 AMSTERDAM AVENUE Manhattan,Manhattan,19
1090,2011,2013 AMSTERDAM AVENUE Manhattan,Manhattan,23
1091,2011,59 AUDUBON AVENUE Manhattan,Manhattan,10
1092,2011,79 AUDUBON AVENUE Manhattan,Manhattan,24
1093,2011,200 AUDUBON AVENUE Manhattan,Manhattan,34
1094,2011,440 AUDUBON AVENUE Manhattan,Manhattan,68
1095,2011,3485 BROADWAY Manhattan,Manhattan,23
1096,2011,3694 BROADWAY Manhattan,Manhattan,25
1097,2011,3828 BROADWAY Manhattan,Manhattan,38
1098,2011,501 1/2 EAST 83 STREET Manhattan,Manhattan,11
1099,2011,35 FT WASHINGTON AVENUE Manhattan,Manhattan,42
1100,2011,312 PLEASANT AVENUE Manhattan,Manhattan,3
1101,2011,900 RIVERSIDE DRIVE Manhattan,Manhattan,72
1102,2011,1471 ST NICHOLAS AVENUE Manhattan,Manhattan,19
1103,2011,11 VERMILYEA AVENUE Manhattan,Manhattan,20
1104,2011,87 WEST 119 STREET Manhattan,Manhattan,10
1105,2011,129 WEST 122 STREET Manhattan,Manhattan,11
1106,2011,110 WEST 130 STREET Manhattan,Manhattan,10
1107,2011,561 WEST 144 STREET Manhattan,Manhattan,21
1108,2011,307 WEST 153 STREET Manhattan,Manhattan,23
1109,2011,506 WEST 172 STREET Manhattan,Manhattan,20
1110,2011,974 ANDERSON AVENUE Bronx,Bronx,9
1111,2011,2505 AQUEDUCT AVENUE WEST Bronx,Bronx,49
1112,2011,2108 BATHGATE AVENUE Bronx,Bronx,3
1113,2011,309 BEDFORD PARK BOULEVARD Bronx,Bronx,5
1114,2011,1053 BOYNTON AVENUE Bronx,Bronx,20
1115,2011,1408 BRONX RIVER AVENUE Bronx,Bronx,4
1116,2011,1460 BRYANT AVENUE Bronx,Bronx,3
1117,2011,1553 BRYANT AVENUE Bronx,Bronx,62
1118,2011,2211 CINCINNATUS AVENUE Bronx,Bronx,4
1119,2011,1702 CLAY AVENUE Bronx,Bronx,26
1120,2011,1744 CLAY AVENUE Bronx,Bronx,43
1121,2011,1142 COLLEGE AVENUE Bronx,Bronx,30
1122,2011,1394 COMMONWEALTH AVENUE Bronx,Bronx,3
1123,2011,1547 COMMONWEALTH AVENUE Bronx,Bronx,12
1124,2011,540 CONCORD AVENUE Bronx,Bronx,33
1125,2011,663 CRESCENT AVENUE Bronx,Bronx,21
1126,2011,2229 CRESTON AVENUE Bronx,Bronx,33
1127,2011,2241 CRESTON AVENUE Bronx,Bronx,26
1128,2011,2390 CRESTON AVENUE Bronx,Bronx,21
1129,2011,2608 CRESTON AVENUE Bronx,Bronx,54
1130,2011,3212 CRUGER AVENUE Bronx,Bronx,27
1131,2011,1962 DR M L KING JR BOULEVARD Bronx,Bronx,11
1132,2011,351 EAST 163 STREET Bronx,Bronx,44
1133,2011,616 EAST 168 STREET Bronx,Bronx,3
1134,2011,347 EAST 173 STREET Bronx,Bronx,21
1135,2011,265 EAST 176 STREET Bronx,Bronx,21
1136,2011,600 EAST 178 STREET Bronx,Bronx,44
1137,2011,689 EAST 187 STREET Bronx,Bronx,7
1138,2011,920 EAST 231 STREET Bronx,Bronx,4
1139,2011,805 FAIRMOUNT PLACE Bronx,Bronx,35
1140,2011,1176 FOREST AVENUE Bronx,Bronx,8
1141,2011,780 GARDEN STREET Bronx,Bronx,61
1142,2011,1663 GARFIELD STREET Bronx,Bronx,6
1143,2011,1645 GRAND AVENUE Bronx,Bronx,46
1144,2011,1750 GRAND AVENUE Bronx,Bronx,52
1145,2011,2264 GRAND AVENUE Bronx,Bronx,26
1146,2011,1136 GRANT AVENUE Bronx,Bronx,6
1147,2011,3018 HEATH AVENUE Bronx,Bronx,87
1148,2011,900 HOE AVENUE Bronx,Bronx,46
1149,2011,3047 HULL AVENUE Bronx,Bronx,8
1150,2011,664 JEFFERSON PLACE Bronx,Bronx,3
1151,2011,825 JENNINGS STREET Bronx,Bronx,3
1152,2011,1055 JEROME AVENUE Bronx,Bronx,63
1153,2011,2607 JEROME AVENUE Bronx,Bronx,26
1154,2011,916 KELLY STREET Bronx,Bronx,17
1155,2011,2770 KINGSBRIDGE TERRACE Bronx,Bronx,72
1156,2011,2729 MATTHEWS AVENUE Bronx,Bronx,3
1157,2011,1165 MORRIS AVENUE Bronx,Bronx,35
1158,2011,1242 MORRIS AVENUE Bronx,Bronx,12
1159,2011,4462 PARK AVENUE Bronx,Bronx,13
1160,2011,919 PROSPECT AVENUE Bronx,Bronx,31
1161,2011,4331 RICHARDSON AVENUE Bronx,Bronx,20
1162,2011,4459 RICHARDSON AVENUE Bronx,Bronx,3
1163,2011,662 SAGAMORE STREET Bronx,Bronx,3
1164,2011,2285 SEDGWICK AVENUE Bronx,Bronx,54
1165,2011,1225 SHERIDAN AVENUE Bronx,Bronx,54
1166,2011,1162 SHERMAN AVENUE Bronx,Bronx,3
1167,2011,1987 SOUTHERN BOULEVARD Bronx,Bronx,4
1168,2011,1334 TAYLOR AVENUE Bronx,Bronx,4
1169,2011,1535 TAYLOR AVENUE Bronx,Bronx,41
1170,2011,1723 TAYLOR AVENUE Bronx,Bronx,7
1171,2011,1065 TELLER AVENUE Bronx,Bronx,3
1172,2011,873 UNION AVENUE Bronx,Bronx,3
1173,2011,877 UNION AVENUE Bronx,Bronx,3
1174,2011,2500 UNIVERSITY AVENUE Bronx,Bronx,58
1175,2011,2739 WALLACE AVENUE Bronx,Bronx,4
1176,2011,2725 WEBB AVENUE Bronx,Bronx,57
1177,2011,2421 WEBSTER AVENUE Bronx,Bronx,104
1178,2011,1771 WEEKS AVENUE Bronx,Bronx,3
1179,2011,75 WEST 190 STREET Bronx,Bronx,53
1180,2011,1836 81 STREET Brooklyn,Brooklyn,6
1181,2011,268 ALBANY AVENUE Brooklyn,Brooklyn,8
1182,2011,870 BEDFORD AVENUE Brooklyn,Brooklyn,8
1183,2011,467 BELMONT AVENUE Brooklyn,Brooklyn,3
1184,2011,1029 BELMONT AVENUE Brooklyn,Brooklyn,4
1185,2011,995 BERGEN STREET Brooklyn,Brooklyn,3
1186,2011,1967 BERGEN STREET Brooklyn,Brooklyn,7
1187,2011,1134 BLAKE AVENUE Brooklyn,Brooklyn,4
1188,2011,355 CHAUNCEY STREET Brooklyn,Brooklyn,6
1189,2011,3502 CHURCH AVENUE Brooklyn,Brooklyn,7
1190,2011,440 CLEVELAND STREET Brooklyn,Brooklyn,3
1191,2011,310 CLIFTON PLACE Brooklyn,Brooklyn,3
1192,2011,20 DITMARS STREET Brooklyn,Brooklyn,3
1193,2011,739 DUMONT AVENUE Brooklyn,Brooklyn,23
1194,2011,650 EAST 21 STREET Brooklyn,Brooklyn,23
1195,2011,596 EAST 22 STREET Brooklyn,Brooklyn,16
1196,2011,209 EAST 34 STREET Brooklyn,Brooklyn,70
1197,2011,329 EAST 34 STREET Brooklyn,Brooklyn,6
1198,2011,555 EAST 5 STREET Brooklyn,Brooklyn,20
1199,2011,413 EAST 98 STREET Brooklyn,Brooklyn,35
1200,2011,135 ERASMUS STREET Brooklyn,Brooklyn,8
1201,2011,816 FRANKLIN AVENUE Brooklyn,Brooklyn,34
1202,2011,71 GRAND AVENUE Brooklyn,Brooklyn,6
1203,2011,821 GREENE AVENUE Brooklyn,Brooklyn,4
1204,2011,857 GREENE AVENUE Brooklyn,Brooklyn,8
1205,2011,874 GREENE AVENUE Brooklyn,Brooklyn,8
1206,2011,300 GROVE STREET Brooklyn,Brooklyn,6
1207,2011,16 GUNTHER PLACE Brooklyn,Brooklyn,3
1208,2011,144 HALSEY STREET Brooklyn,Brooklyn,4
1209,2011,1014 HALSEY STREET Brooklyn,Brooklyn,3
1210,2011,1228 HALSEY STREET Brooklyn,Brooklyn,3
1211,2011,1328 HALSEY STREET Brooklyn,Brooklyn,6
1212,2011,64 HANCOCK STREET Brooklyn,Brooklyn,8
1213,2011,201 HANCOCK STREET Brooklyn,Brooklyn,4
1214,2011,983 HANCOCK STREET Brooklyn,Brooklyn,3
1215,2011,1354 HANCOCK STREET Brooklyn,Brooklyn,6
1216,2011,1334 HERKIMER STREET Brooklyn,Brooklyn,3
1217,2011,716 JEFFERSON AVENUE Brooklyn,Brooklyn,21
1218,2011,1414 JEFFERSON AVENUE Brooklyn,Brooklyn,3
1219,2011,45 KINGSTON AVENUE Brooklyn,Brooklyn,6
1220,2011,223 KNICKERBOCKER AVENUE Brooklyn,Brooklyn,6
1221,2011,473 KOSCIUSKO STREET Brooklyn,Brooklyn,4
1222,2011,542 KOSCIUSKO STREET Brooklyn,Brooklyn,6
1223,2011,717 LEXINGTON AVENUE Brooklyn,Brooklyn,3
1224,2011,246 LINCOLN AVENUE Brooklyn,Brooklyn,10
1225,2011,415 LINCOLN AVENUE Brooklyn,Brooklyn,30
1226,2011,180 LINDEN BOULEVARD Brooklyn,Brooklyn,36
1227,2011,362 LINDEN BOULEVARD Brooklyn,Brooklyn,42
1228,2011,663 MAC DONOUGH STREET Brooklyn,Brooklyn,3
1229,2011,832 MADISON STREET Brooklyn,Brooklyn,3
1230,2011,73 MALCOLM X BOULEVARD Brooklyn,Brooklyn,4
1231,2011,574 MAPLE STREET Brooklyn,Brooklyn,6
1232,2011,1515 MC DONALD AVENUE Brooklyn,Brooklyn,4
1233,2011,648 MONROE STREET Brooklyn,Brooklyn,3
1234,2011,425 MONTAUK AVENUE Brooklyn,Brooklyn,9
1235,2011,1116 NOSTRAND AVENUE Brooklyn,Brooklyn,3
1236,2011,1055 OCEAN AVENUE Brooklyn,Brooklyn,20
1237,2011,2349 PACIFIC STREET Brooklyn,Brooklyn,8
1238,2011,2364 PACIFIC STREET Brooklyn,Brooklyn,3
1239,2011,128 PARK PLACE Brooklyn,Brooklyn,4
1240,2011,1625 PARK PLACE Brooklyn,Brooklyn,23
1241,2011,479 PENNSYLVANIA AVENUE Brooklyn,Brooklyn,16
1242,2011,534 PENNSYLVANIA AVENUE Brooklyn,Brooklyn,32
1243,2011,595 PINE STREET Brooklyn,Brooklyn,3
1244,2011,1881 PITKIN AVENUE Brooklyn,Brooklyn,25
1245,2011,125 PULASKI STREET Brooklyn,Brooklyn,4
1246,2011,183 PULASKI STREET Brooklyn,Brooklyn,4
1247,2011,301 QUINCY STREET Brooklyn,Brooklyn,8
1248,2011,59 RALPH AVENUE Brooklyn,Brooklyn,3
1249,2011,94 RALPH AVENUE Brooklyn,Brooklyn,7
1250,2011,57 ROCKAWAY AVENUE Brooklyn,Brooklyn,3
1251,2011,155 ROCKAWAY PARKWAY Brooklyn,Brooklyn,6
1252,2011,20 ROOSEVELT PLACE Brooklyn,Brooklyn,3
1253,2011,224 SCHAEFER STREET Brooklyn,Brooklyn,6
1254,2011,296 SCHAEFER STREET Brooklyn,Brooklyn,6
1255,2011,146 SKILLMAN STREET Brooklyn,Brooklyn,8
1256,2011,56 SOMERS STREET Brooklyn,Brooklyn,3
1257,2011,376 SOUTH 3 STREET Brooklyn,Brooklyn,8
1258,2011,319 SOUTH 5 STREET Brooklyn,Brooklyn,4
1259,2011,14 SPENCER COURT Brooklyn,Brooklyn,3
1260,2011,817 ST JOHNS PLACE Brooklyn,Brooklyn,6
1261,2011,823 ST JOHNS PLACE Brooklyn,Brooklyn,6
1262,2011,1631 ST MARKS AVENUE Brooklyn,Brooklyn,8
1263,2011,2323 STRAUSS STREET Brooklyn,Brooklyn,4
1264,2011,245 SULLIVAN PLACE Brooklyn,Brooklyn,40
1265,2011,375 SUMPTER STREET Brooklyn,Brooklyn,6
1266,2011,1149 SUTTER AVENUE Brooklyn,Brooklyn,4
1267,2011,178 SUYDAM STREET Brooklyn,Brooklyn,8
1268,2011,306 TOMPKINS AVENUE Brooklyn,Brooklyn,3
1269,2011,234 UNION AVENUE Brooklyn,Brooklyn,33
1270,2011,1246 UNION STREET Brooklyn,Brooklyn,3
1271,2011,642 VERMONT STREET Brooklyn,Brooklyn,6
1272,2011,151 WEIRFIELD STREET Brooklyn,Brooklyn,3
1273,2011,566 WILLIAMS AVENUE Brooklyn,Brooklyn,4
1274,2011,576 WILLIAMS AVENUE Brooklyn,Brooklyn,4
1275,2011,992 WILLOUGHBY AVENUE Brooklyn,Brooklyn,8
1276,2011,276 WILSON AVENUE Brooklyn,Brooklyn,8
1277,2011,387 WOODBINE STREET Brooklyn,Brooklyn,6
1278,2011,113 WYCKOFF AVENUE Brooklyn,Brooklyn,6
1279,2011,156-17 110 AVENUE Queens,Queens,3
1280,2011,307 BEACH 70 STREET Queens,Queens,4
1281,2011,1821 CORNELIA STREET Queens,Queens,6
1282,2011,555 FAIRVIEW AVENUE Queens,Queens,4
1283,2011,1736 GREENE AVENUE Queens,Queens,4
1284,2011,109-05 LIVERPOOL STREET Queens,Queens,3
1285,2011,10-48 WYCKOFF AVENUE Queens,Queens,3
1286,2011,20 LAMBERT STREET Staten Island,Staten Island,16
1287,2010,2035 ADAM C POWELL BOULEVARD Manhattan,Manhattan,16
1288,2010,1437 AMSTERDAM AVENUE Manhattan,Manhattan,13
1289,2010,1619 AMSTERDAM AVENUE Manhattan,Manhattan,18
1290,2010,761 ST NICHOLAS AVENUE Manhattan,Manhattan,8
1291,2010,1534 ST NICHOLAS AVENUE Manhattan,Manhattan,28
1292,2010,507 WEST 170 STREET Manhattan,Manhattan,25
1293,2010,3198 3 AVENUE Bronx,Bronx,4
1294,2010,4014 AMUNDSON AVENUE Bronx,Bronx,3
1295,2010,907 AVENUE ST JOHN Bronx,Bronx,5
1296,2010,1883 BILLINGSLEY TERRACE Bronx,Bronx,3
1297,2010,41 BRUCKNER BOULEVARD Bronx,Bronx,3
1298,2010,957 BRUCKNER BOULEVARD Bronx,Bronx,3
1299,2010,1558 BRYANT AVENUE Bronx,Bronx,37
1300,2010,1328 CHISHOLM STREET Bronx,Bronx,3
1301,2010,1190 CLAY AVENUE Bronx,Bronx,11
1302,2010,1301 COMMONWEALTH AVENUE Bronx,Bronx,3
1303,2010,2239 CRESTON AVENUE Bronx,Bronx,27
1304,2010,2720 DECATUR AVENUE Bronx,Bronx,26
1305,2010,1636 DR M L KING JR BOULEVARD Bronx,Bronx,25
1306,2010,1640 DR M L KING JR BOULEVARD Bronx,Bronx,25
1307,2010,298 EAST 150 STREET Bronx,Bronx,9
1308,2010,708 EAST 161 STREET Bronx,Bronx,3
1309,2010,430 EAST 162 STREET Bronx,Bronx,9
1310,2010,867 EAST 164 STREET Bronx,Bronx,3
1311,2010,1509 EAST 172 STREET Bronx,Bronx,4
1312,2010,1514 EAST 172 STREET Bronx,Bronx,4
1313,2010,701 EAST 175 STREET Bronx,Bronx,20
1314,2010,234 EAST 178 STREET Bronx,Bronx,13
1315,2010,844 EAST 216 STREET Bronx,Bronx,3
1316,2010,751 EAST 224 STREET Bronx,Bronx,7
1317,2010,650 EAST 229 STREET Bronx,Bronx,4
1318,2010,1151 ELDER AVENUE Bronx,Bronx,49
1319,2010,1738 FILLMORE STREET Bronx,Bronx,3
1320,2010,2118 GRAND AVENUE Bronx,Bronx,3
1321,2010,2000 GRAND CONCOURSE Bronx,Bronx,15
1322,2010,1064 GRANT AVENUE Bronx,Bronx,3
1323,2010,2427 HOFFMAN STREET Bronx,Bronx,9
1324,2010,1541 LELAND AVENUE Bronx,Bronx,4
1325,2010,1040 LONGFELLOW AVENUE Bronx,Bronx,4
1326,2010,1060 LONGFELLOW AVENUE Bronx,Bronx,4
1327,2010,1144 LONGFELLOW AVENUE Bronx,Bronx,3
1328,2010,2356 LORILLARD PLACE Bronx,Bronx,31
1329,2010,621 MANIDA STREET Bronx,Bronx,56
1330,2010,2010 MAPES AVENUE Bronx,Bronx,3
1331,2010,1836 MATTHEWS AVENUE Bronx,Bronx,4
1332,2010,1711 MONTGOMERY PLACE Bronx,Bronx,3
1333,2010,1125 MORRIS AVENUE Bronx,Bronx,6
1334,2010,2261 MORRIS AVENUE Bronx,Bronx,33
1335,2010,2308 MORRIS AVENUE Bronx,Bronx,3
1336,2010,1411 NOBLE AVENUE Bronx,Bronx,4
1337,2010,4633 PARK AVENUE Bronx,Bronx,9
1338,2010,1807 PHELAN PLACE Bronx,Bronx,5
1339,2010,2775 POND PLACE Bronx,Bronx,3
1340,2010,701 PROSPECT AVENUE Bronx,Bronx,4
1341,2010,1410 PROSPECT AVENUE Bronx,Bronx,13
1342,2010,1911 SOUTHERN BOULEVARD Bronx,Bronx,18
1343,2010,2271 SOUTHERN BOULEVARD Bronx,Bronx,4
1344,2010,674 ST ANNS AVENUE Bronx,Bronx,9
1345,2010,1626 TAYLOR AVENUE Bronx,Bronx,4
1346,2010,1069 TELLER AVENUE Bronx,Bronx,6
1347,2010,1663 WALLACE AVENUE Bronx,Bronx,3
1348,2010,1926 WALTON AVENUE Bronx,Bronx,26
1349,2010,2268 WASHINGTON AVENUE Bronx,Bronx,20
1350,2010,1142 WHEELER AVENUE Bronx,Bronx,4
1351,2010,1159 WHEELER AVENUE Bronx,Bronx,4
1352,2010,1149 WHITE PLAINS ROAD Bronx,Bronx,4
1353,2010,218 20 STREET Brooklyn,Brooklyn,3
1354,2010,346 54 STREET Brooklyn,Brooklyn,8
1355,2010,442 60 STREET Brooklyn,Brooklyn,6
1356,2010,575 80 STREET Brooklyn,Brooklyn,9
1357,2010,369 87 STREET Brooklyn,Brooklyn,16
1358,2010,135 ALBANY AVENUE Brooklyn,Brooklyn,8
1359,2010,59 ARLINGTON AVENUE Brooklyn,Brooklyn,3
1360,2010,225 ATKINS AVENUE Brooklyn,Brooklyn,4
1361,2010,1436 ATLANTIC AVENUE Brooklyn,Brooklyn,3
1362,2010,2511 ATLANTIC AVENUE Brooklyn,Brooklyn,4
1363,2010,2714 AVENUE D Brooklyn,Brooklyn,24
1364,2010,541 BAINBRIDGE STREET Brooklyn,Brooklyn,3
1365,2010,271 BAY RIDGE AVENUE Brooklyn,Brooklyn,6
1366,2010,790 BERGEN STREET Brooklyn,Brooklyn,3
1367,2010,1049 BERGEN STREET Brooklyn,Brooklyn,4
1368,2010,2000 BERGEN STREET Brooklyn,Brooklyn,3
1369,2010,399 BLEECKER STREET Brooklyn,Brooklyn,6
1370,2010,304 BROOKLYN AVENUE Brooklyn,Brooklyn,3
1371,2010,1254 BUSHWICK AVENUE Brooklyn,Brooklyn,3
1372,2010,477 CHAUNCEY STREET Brooklyn,Brooklyn,6
1373,2010,513 CHAUNCEY STREET Brooklyn,Brooklyn,3
1374,2010,750 CLEVELAND STREET Brooklyn,Brooklyn,3
1375,2010,97 CORNELIA STREET Brooklyn,Brooklyn,6
1376,2010,359 COURT STREET Brooklyn,Brooklyn,3
1377,2010,58 DE SALES PLACE Brooklyn,Brooklyn,6
1378,2010,679 DECATUR STREET Brooklyn,Brooklyn,3
1379,2010,5 EAST 21 STREET Brooklyn,Brooklyn,12
1380,2010,567 EAST 22 STREET Brooklyn,Brooklyn,16
1381,2010,301 EAST 26 STREET Brooklyn,Brooklyn,4
1382,2010,58 EAST 52 STREET Brooklyn,Brooklyn,6
1383,2010,325 EAST 54 STREET Brooklyn,Brooklyn,4
1384,2010,213 EAST 95 STREET Brooklyn,Brooklyn,4
1385,2010,279 EAST 95 STREET Brooklyn,Brooklyn,4
1386,2010,22 EAST 96 STREET Brooklyn,Brooklyn,17
1387,2010,686 EASTERN PARKWAY Brooklyn,Brooklyn,9
1388,2010,995 EASTERN PARKWAY Brooklyn,Brooklyn,16
1389,2010,1869 EXTENSION Brooklyn,Brooklyn,3
1390,2010,88 ELDERT STREET Brooklyn,Brooklyn,3
1391,2010,306 ELDERT STREET Brooklyn,Brooklyn,3
1392,2010,684 FLUSHING AVENUE Brooklyn,Brooklyn,6
1393,2010,604 GEORGIA AVENUE Brooklyn,Brooklyn,4
1394,2010,688 GREENE AVENUE Brooklyn,Brooklyn,4
1395,2010,898 GREENE AVENUE Brooklyn,Brooklyn,4
1396,2010,1076 GREENE AVENUE Brooklyn,Brooklyn,3
1397,2010,1438 GREENE AVENUE Brooklyn,Brooklyn,6
1398,2010,140 GROVE STREET Brooklyn,Brooklyn,3
1399,2010,343 GROVE STREET Brooklyn,Brooklyn,6
1400,2010,827 HALSEY STREET Brooklyn,Brooklyn,6
1401,2010,1316 HALSEY STREET Brooklyn,Brooklyn,6
1402,2010,1327 HALSEY STREET Brooklyn,Brooklyn,6
1403,2010,1141 HANCOCK STREET Brooklyn,Brooklyn,3
1404,2010,1335 HANCOCK STREET Brooklyn,Brooklyn,6
1405,2010,1346 HANCOCK STREET Brooklyn,Brooklyn,6
1406,2010,297 HARMAN STREET Brooklyn,Brooklyn,6
1407,2010,22 HART STREET Brooklyn,Brooklyn,4
1408,2010,555 HART STREET Brooklyn,Brooklyn,6
1409,2010,848 HART STREET Brooklyn,Brooklyn,6
1410,2010,900 HART STREET Brooklyn,Brooklyn,6
1411,2010,685 HAWTHORNE STREET Brooklyn,Brooklyn,3
1412,2010,763 HENDRIX STREET Brooklyn,Brooklyn,4
1413,2010,47 HILL STREET Brooklyn,Brooklyn,4
1414,2010,208 HIMROD STREET Brooklyn,Brooklyn,6
1415,2010,30 IRVING AVENUE Brooklyn,Brooklyn,6
1416,2010,530 JEFFERSON AVENUE Brooklyn,Brooklyn,7
1417,2010,764 JEFFERSON AVENUE Brooklyn,Brooklyn,8
1418,2010,1102 JEFFERSON AVENUE Brooklyn,Brooklyn,3
1419,2010,237 JEFFERSON STREET Brooklyn,Brooklyn,5
1420,2010,425 JEROME STREET Brooklyn,Brooklyn,4
1421,2010,880 LAFAYETTE AVENUE Brooklyn,Brooklyn,3
1422,2010,997A LAFAYETTE AVENUE Brooklyn,Brooklyn,6
1423,2010,273 LEE AVENUE Brooklyn,Brooklyn,8
1424,2010,20 LENOX ROAD Brooklyn,Brooklyn,7
1425,2010,319 LEWIS AVENUE Brooklyn,Brooklyn,3
1426,2010,495 LINCOLN AVENUE Brooklyn,Brooklyn,3
1427,2010,786 MAC DONOUGH STREET Brooklyn,Brooklyn,3
1428,2010,291 MAC DOUGAL STREET Brooklyn,Brooklyn,3
1429,2010,872 MACON STREET Brooklyn,Brooklyn,8
1430,2010,1091 MADISON STREET Brooklyn,Brooklyn,3
1431,2010,537 MARCY AVENUE Brooklyn,Brooklyn,4
1432,2010,624 MARLBOROUGH ROAD Brooklyn,Brooklyn,8
1433,2010,258 MELROSE STREET Brooklyn,Brooklyn,6
1434,2010,325 MELROSE STREET Brooklyn,Brooklyn,6
1435,2010,333 MENAHAN STREET Brooklyn,Brooklyn,6
1436,2010,371 MENAHAN STREET Brooklyn,Brooklyn,6
1437,2010,603 MILLER AVENUE Brooklyn,Brooklyn,4
1438,2010,700 MILLER AVENUE Brooklyn,Brooklyn,6
1439,2010,530 MONROE STREET Brooklyn,Brooklyn,3
1440,2010,719 MONROE STREET Brooklyn,Brooklyn,3
1441,2010,56 MOTHER GASTON BOULEVARD Brooklyn,Brooklyn,3
1442,2010,289 MOTHER GASTON BOULEVARD Brooklyn,Brooklyn,3
1443,2010,563 NEW LOTS AVENUE Brooklyn,Brooklyn,3
1444,2010,577 NEW LOTS AVENUE Brooklyn,Brooklyn,9
1445,2010,156 NORWOOD AVENUE Brooklyn,Brooklyn,3
1446,2010,64 PALMETTO STREET Brooklyn,Brooklyn,6
1447,2010,364 PALMETTO STREET Brooklyn,Brooklyn,6
1448,2010,181 PARK PLACE Brooklyn,Brooklyn,3
1449,2010,473 PENNSYLVANIA AVENUE Brooklyn,Brooklyn,16
1450,2010,2168 PITKIN AVENUE Brooklyn,Brooklyn,3
1451,2010,996 PUTNAM AVENUE Brooklyn,Brooklyn,6
1452,2010,560A QUINCY STREET Brooklyn,Brooklyn,4
1453,2010,186 ROCKAWAY AVENUE Brooklyn,Brooklyn,3
1454,2010,890 ROCKAWAY AVENUE Brooklyn,Brooklyn,11
1455,2010,392 ROCKAWAY PARKWAY Brooklyn,Brooklyn,4
1456,2010,110 ROGERS AVENUE Brooklyn,Brooklyn,4
1457,2010,166 ROGERS AVENUE Brooklyn,Brooklyn,6
1458,2010,441 ROGERS AVENUE Brooklyn,Brooklyn,6
1459,2010,192 SCHAEFER STREET Brooklyn,Brooklyn,6
1460,2010,250 SCHAEFER STREET Brooklyn,Brooklyn,3
1461,2010,947 ST MARKS AVENUE Brooklyn,Brooklyn,13
1462,2010,1297 ST MARKS AVENUE Brooklyn,Brooklyn,6
1463,2010,16 STAGG STREET Brooklyn,Brooklyn,5
1464,2010,90 STARR STREET Brooklyn,Brooklyn,6
1465,2010,131 STARR STREET Brooklyn,Brooklyn,8
1466,2010,171 STARR STREET Brooklyn,Brooklyn,8
1467,2010,126 TAPSCOTT STREET Brooklyn,Brooklyn,3
1468,2010,423 THROOP AVENUE Brooklyn,Brooklyn,6
1469,2010,341 TOMPKINS AVENUE Brooklyn,Brooklyn,3
1470,2010,53 TROUTMAN STREET Brooklyn,Brooklyn,3
1471,2010,295 TROUTMAN STREET Brooklyn,Brooklyn,8
1472,2010,174 VAN SICLEN AVENUE Brooklyn,Brooklyn,3
1473,2010,252 VERNON AVENUE Brooklyn,Brooklyn,4
1474,2010,234 WASHINGTON AVENUE Brooklyn,Brooklyn,7
1475,2010,1798 WEST 12 STREET Brooklyn,Brooklyn,3
1476,2010,2766 WEST 15 STREET Brooklyn,Brooklyn,5
1477,2010,578 WILLIAMS AVENUE Brooklyn,Brooklyn,4
1478,2010,562 WILSON AVENUE Brooklyn,Brooklyn,4
1479,2010,14 WOODBINE STREET Brooklyn,Brooklyn,3
1480,2010,455 WYONA STREET Brooklyn,Brooklyn,6
1481,2010,106-19 177 STREET Queens,Queens,4
1482,2010,14-23 30 DRIVE Queens,Queens,6
1483,2010,211-34 45 ROAD Queens,Queens,3
1484,2010,89-43 97 STREET Queens,Queens,3
1485,2010,1885 WOODBINE STREET Queens,Queens,4
1486,2010,195-25 WOODHULL AVENUE Queens,Queens,3
1487,2009,2320 ADAM C POWELL BOULEVARD Manhattan,Manhattan,9
1488,2009,2145 AMSTERDAM AVENUE Manhattan,Manhattan,14
1489,2009,524 WEST 150 STREET Manhattan,Manhattan,9
1490,2009,541 WEST 158 STREET Manhattan,Manhattan,24
1491,2009,504 WEST 159 STREET Manhattan,Manhattan,21
1492,2009,2321 ANDREWS AVENUE NORTH Bronx,Bronx,28
1493,2009,2320 AQUEDUCT AVENUE Bronx,Bronx,61
1494,2009,2706 BAINBRIDGE AVENUE Bronx,Bronx,56
1495,2009,638 BARRETTO STREET Bronx,Bronx,4
1496,2009,2239 BATHGATE AVENUE Bronx,Bronx,3
1497,2009,1530 BEACH AVENUE Bronx,Bronx,25
1498,2009,1412 BRONX RIVER AVENUE Bronx,Bronx,4
1499,2009,1528 BRYANT AVENUE Bronx,Bronx,21
1500,2009,187 CITY ISLAND AVENUE Bronx,Bronx,6
1501,2009,1044 COLLEGE AVENUE Bronx,Bronx,3
1502,2009,1145 CROES AVENUE Bronx,Bronx,4
1503,2009,1479 CROMWELL AVENUE Bronx,Bronx,72
1504,2009,2342 CROTONA AVENUE Bronx,Bronx,3
1505,2009,2630 DECATUR AVENUE Bronx,Bronx,3
1506,2009,835 EAST 156 STREET Bronx,Bronx,9
1507,2009,422 EAST 161 STREET Bronx,Bronx,10
1508,2009,512 EAST 163 STREET Bronx,Bronx,8
1509,2009,865 EAST 165 STREET Bronx,Bronx,12
1510,2009,465 EAST 167 STREET Bronx,Bronx,23
1511,2009,621 EAST 170 STREET Bronx,Bronx,10
1512,2009,806 EAST 175 STREET Bronx,Bronx,43
1513,2009,505 EAST 178 STREET Bronx,Bronx,23
1514,2009,265 EAST 182 STREET Bronx,Bronx,25
1515,2009,470 EAST 183 STREET Bronx,Bronx,3
1516,2009,649 EAST 183 STREET Bronx,Bronx,9
1517,2009,708 EAST 215 STREET Bronx,Bronx,4
1518,2009,766 EAST 215 STREET Bronx,Bronx,6
1519,2009,812 EAST 223 STREET Bronx,Bronx,4
1520,2009,982 FINDLAY AVENUE Bronx,Bronx,3
1521,2009,1110 FTELEY AVENUE Bronx,Bronx,4
1522,2009,1161 FTELEY AVENUE Bronx,Bronx,4
1523,2009,4359 FURMAN AVENUE Bronx,Bronx,23
1524,2009,1008 GARRISON AVENUE Bronx,Bronx,21
1525,2009,1814 GRAND CONCOURSE Bronx,Bronx,11
1526,2009,1881 GRAND CONCOURSE Bronx,Bronx,17
1527,2009,1151 GRANT AVENUE Bronx,Bronx,5
1528,2009,1309 HOE AVENUE Bronx,Bronx,4
1529,2009,1731 HOLLAND AVENUE Bronx,Bronx,3
1530,2009,3208 HULL AVENUE Bronx,Bronx,3
1531,2009,920 KELLY STREET Bronx,Bronx,16
1532,2009,928 KELLY STREET Bronx,Bronx,9
1533,2009,1249 LELAND AVENUE Bronx,Bronx,5
1534,2009,1512 LELAND AVENUE Bronx,Bronx,15
1535,2009,1516 LELAND AVENUE Bronx,Bronx,17
1536,2009,1524 LELAND AVENUE Bronx,Bronx,13
1537,2009,875 LONGWOOD AVENUE Bronx,Bronx,16
1538,2009,1050 LOWELL STREET Bronx,Bronx,11
1539,2009,627 MANIDA STREET Bronx,Bronx,56
1540,2009,4354 PARK AVENUE Bronx,Bronx,3
1541,2009,4619 PARK AVENUE Bronx,Bronx,8
1542,2009,4566 RICHARDSON AVENUE Bronx,Bronx,3
1543,2009,1181 SACKETT AVENUE Bronx,Bronx,5
1544,2009,710 UNION AVENUE Bronx,Bronx,3
1545,2009,1291 UNION AVENUE Bronx,Bronx,3
1546,2009,1533 VYSE AVENUE Bronx,Bronx,3
1547,2009,1023 WARD AVENUE Bronx,Bronx,3
1548,2009,2097 WEBSTER AVENUE Bronx,Bronx,8
1549,2009,2099 WEBSTER AVENUE Bronx,Bronx,8
1550,2009,1804 WEEKS AVENUE Bronx,Bronx,33
1551,2009,67 WEST 169 STREET Bronx,Bronx,4
1552,2009,131 WEST KINGSBRIDGE ROAD Bronx,Bronx,31
1553,2009,3900 WHITE PLAINS ROAD Bronx,Bronx,6
1554,2009,417 15 STREET Brooklyn,Brooklyn,16
1555,2009,189 20 STREET Brooklyn,Brooklyn,24
1556,2009,205 30 STREET Brooklyn,Brooklyn,24
1557,2009,734 4 AVENUE Brooklyn,Brooklyn,4
1558,2009,5705 4 AVENUE Brooklyn,Brooklyn,6
1559,2009,5801 5 AVENUE Brooklyn,Brooklyn,7
1560,2009,5714 6 AVENUE Brooklyn,Brooklyn,3
1561,2009,274A 9 STREET Brooklyn,Brooklyn,7
1562,2009,137 ALBANY AVENUE Brooklyn,Brooklyn,8
1563,2009,538 BAINBRIDGE STREET Brooklyn,Brooklyn,6
1564,2009,1783 BEDFORD AVENUE Brooklyn,Brooklyn,4
1565,2009,1785 BEDFORD AVENUE Brooklyn,Brooklyn,4
1566,2009,457 BELMONT AVENUE Brooklyn,Brooklyn,3
1567,2009,1254 BERGEN STREET Brooklyn,Brooklyn,3
1568,2009,2018 BERGEN STREET Brooklyn,Brooklyn,7
1569,2009,2706 BEVERLY ROAD Brooklyn,Brooklyn,20
1570,2009,58 BLEECKER STREET Brooklyn,Brooklyn,3
1571,2009,166 BLEECKER STREET Brooklyn,Brooklyn,6
1572,2009,3056 BRIGHTON 13 STREET Brooklyn,Brooklyn,5
1573,2009,1140 BUSHWICK AVENUE Brooklyn,Brooklyn,3
1574,2009,1691 CARROLL STREET Brooklyn,Brooklyn,4
1575,2009,209 CENTRAL AVENUE Brooklyn,Brooklyn,4
1576,2009,219 CENTRAL AVENUE Brooklyn,Brooklyn,4
1577,2009,370 CENTRAL AVENUE Brooklyn,Brooklyn,5
1578,2009,458 CENTRAL AVENUE Brooklyn,Brooklyn,3
1579,2009,328 CHAUNCEY STREET Brooklyn,Brooklyn,6
1580,2009,2831 CHURCH AVENUE Brooklyn,Brooklyn,4
1581,2009,2408 CLARENDON ROAD Brooklyn,Brooklyn,16
1582,2009,2910 CLARENDON ROAD Brooklyn,Brooklyn,6
1583,2009,690 CLEVELAND STREET Brooklyn,Brooklyn,6
1584,2009,328 CLIFTON PLACE Brooklyn,Brooklyn,3
1585,2009,286 COOPER STREET Brooklyn,Brooklyn,6
1586,2009,304 COOPER STREET Brooklyn,Brooklyn,4
1587,2009,142 CRESCENT STREET Brooklyn,Brooklyn,3
1588,2009,825 CROWN STREET Brooklyn,Brooklyn,54
1589,2009,3819 CYPRESS AVENUE Brooklyn,Brooklyn,3
1590,2009,980 DE KALB AVENUE Brooklyn,Brooklyn,3
1591,2009,164 DIKEMAN STREET Brooklyn,Brooklyn,8
1592,2009,24 DITMARS STREET Brooklyn,Brooklyn,3
1593,2009,657 EAST 21 STREET Brooklyn,Brooklyn,20
1594,2009,739 EAST 88 STREET Brooklyn,Brooklyn,3
1595,2009,499 EAST 94 STREET Brooklyn,Brooklyn,4
1596,2009,972 EASTERN PARKWAY Brooklyn,Brooklyn,23
1597,2009,341 ESSEX STREET Brooklyn,Brooklyn,3
1598,2009,304 EVERGREEN AVENUE Brooklyn,Brooklyn,5
1599,2009,631 FLATBUSH AVENUE Brooklyn,Brooklyn,7
1600,2009,86 FOUNTAIN AVENUE Brooklyn,Brooklyn,3
1601,2009,353 FRANKLIN AVENUE Brooklyn,Brooklyn,3
1602,2009,2106 FULTON STREET Brooklyn,Brooklyn,6
1603,2009,2228 FULTON STREET Brooklyn,Brooklyn,3
1604,2009,24 GRANITE STREET Brooklyn,Brooklyn,6
1605,2009,38 GRANITE STREET Brooklyn,Brooklyn,6
1606,2009,17 GRANT AVENUE Brooklyn,Brooklyn,4
1607,2009,691 GREENE AVENUE Brooklyn,Brooklyn,4
1608,2009,150 GROVE STREET Brooklyn,Brooklyn,6
1609,2009,633 HALSEY STREET Brooklyn,Brooklyn,3
1610,2009,662 HALSEY STREET Brooklyn,Brooklyn,6
1611,2009,1235 HALSEY STREET Brooklyn,Brooklyn,8
1612,2009,856 HANCOCK STREET Brooklyn,Brooklyn,4
1613,2009,424 HART STREET Brooklyn,Brooklyn,3
1614,2009,761 HART STREET Brooklyn,Brooklyn,6
1615,2009,877 HART STREET Brooklyn,Brooklyn,6
1616,2009,148 HERKIMER STREET Brooklyn,Brooklyn,7
1617,2009,1330 HERKIMER STREET Brooklyn,Brooklyn,3
1618,2009,1358 HERKIMER STREET Brooklyn,Brooklyn,3
1619,2009,37 HILL STREET Brooklyn,Brooklyn,4
1620,2009,715 HINSDALE STREET Brooklyn,Brooklyn,3
1621,2009,719 HINSDALE STREET Brooklyn,Brooklyn,3
1622,2009,1140 JEFFERSON AVENUE Brooklyn,Brooklyn,3
1623,2009,228 JEFFERSON STREET Brooklyn,Brooklyn,6
1624,2009,249 JEFFERSON STREET Brooklyn,Brooklyn,6
1625,2009,170 KNICKERBOCKER AVENUE Brooklyn,Brooklyn,3
1626,2009,720 KNICKERBOCKER AVENUE Brooklyn,Brooklyn,6
1627,2009,800 KNICKERBOCKER AVENUE Brooklyn,Brooklyn,3
1628,2009,644 LAFAYETTE AVENUE Brooklyn,Brooklyn,8
1629,2009,857 LAFAYETTE AVENUE Brooklyn,Brooklyn,3
1630,2009,851 LINCOLN PLACE Brooklyn,Brooklyn,4
1631,2009,247 LINDEN BOULEVARD Brooklyn,Brooklyn,6
1632,2009,283 LINDEN STREET Brooklyn,Brooklyn,6
1633,2009,896 MADISON STREET Brooklyn,Brooklyn,8
1634,2009,212 MALCOLM X BOULEVARD Brooklyn,Brooklyn,3
1635,2009,12 MARTENSE STREET Brooklyn,Brooklyn,21
1636,2009,383 MENAHAN STREET Brooklyn,Brooklyn,6
1637,2009,391 MONTAUK AVENUE Brooklyn,Brooklyn,3
1638,2009,1466 MYRTLE AVENUE Brooklyn,Brooklyn,6
1639,2009,137 NELSON STREET Brooklyn,Brooklyn,8
1640,2009,580 NEW JERSEY AVENUE Brooklyn,Brooklyn,3
1641,2009,540 NEW LOTS AVENUE Brooklyn,Brooklyn,4
1642,2009,76 NEWPORT STREET Brooklyn,Brooklyn,4
1643,2009,1633 NOSTRAND AVENUE Brooklyn,Brooklyn,6
1644,2009,2250 PACIFIC STREET Brooklyn,Brooklyn,6
1645,2009,663 PENNSYLVANIA AVENUE Brooklyn,Brooklyn,4
1646,2009,749 PENNSYLVANIA AVENUE Brooklyn,Brooklyn,5
1647,2009,734 PROSPECT PLACE Brooklyn,Brooklyn,3
1648,2009,816 PROSPECT PLACE Brooklyn,Brooklyn,8
1649,2009,926 PROSPECT PLACE Brooklyn,Brooklyn,8
1650,2009,1614 PROSPECT PLACE Brooklyn,Brooklyn,4
1651,2009,1854 PROSPECT PLACE Brooklyn,Brooklyn,3
1652,2009,162 PULASKI STREET Brooklyn,Brooklyn,6
1653,2009,330 QUINCY STREET Brooklyn,Brooklyn,3
1654,2009,687 QUINCY STREET Brooklyn,Brooklyn,12
1655,2009,102 RALPH AVENUE Brooklyn,Brooklyn,7
1656,2009,570 RIDGEWOOD AVENUE Brooklyn,Brooklyn,3
1657,2009,695 SHEFFIELD AVENUE Brooklyn,Brooklyn,4
1658,2009,798 ST JOHNS PLACE Brooklyn,Brooklyn,8
1659,2009,1140 ST JOHNS PLACE Brooklyn,Brooklyn,20
1660,2009,685 ST MARKS AVENUE Brooklyn,Brooklyn,9
1661,2009,224 STERLING STREET Brooklyn,Brooklyn,7
1662,2009,2828 FRONT STILLWELL AVENUE Brooklyn,Brooklyn,5
1663,2009,187 STOCKHOLM STREET Brooklyn,Brooklyn,6
1664,2009,298 STOCKHOLM STREET Brooklyn,Brooklyn,6
1665,2009,209 SUMPTER STREET Brooklyn,Brooklyn,6
1666,2009,124 TAPSCOTT STREET Brooklyn,Brooklyn,6
1667,2009,511 THROOP AVENUE Brooklyn,Brooklyn,4
1668,2009,64 TROUTMAN STREET Brooklyn,Brooklyn,6
1669,2009,111 TROUTMAN STREET Brooklyn,Brooklyn,3
1670,2009,116 VAN SICLEN AVENUE Brooklyn,Brooklyn,8
1671,2009,30 VERMONT STREET Brooklyn,Brooklyn,3
1672,2009,238 WALWORTH STREET Brooklyn,Brooklyn,3
1673,2009,658 WARWICK STREET Brooklyn,Brooklyn,3
1674,2009,651 WYONA STREET Brooklyn,Brooklyn,4
1675,2009,87-11 107 STREET Queens,Queens,6
1676,2009,32-33 110 STREET Queens,Queens,4
1677,2009,87-20 111 STREET Queens,Queens,3
1678,2009,141-06 123 AVENUE Queens,Queens,3
1679,2009,87-16 126 STREET Queens,Queens,3
1680,2009,127-02 135 AVENUE Queens,Queens,4
1681,2009,90-13 43 AVENUE Queens,Queens,8
1682,2009,153 BEACH 26 STREET Queens,Queens,3
1683,2009,57-09 CATALPA AVENUE Queens,Queens,4
1684,2009,15-21 COOPER AVENUE Queens,Queens,4
1685,2009,220-01 HEMPSTEAD AVENUE Queens,Queens,4
1686,2009,180 VAN PELT AVENUE Staten Island,Staten Island,4
1687,2008,23 ARDEN STREET Manhattan,Manhattan,16
1688,2008,184 EAST 109 STREET Manhattan,Manhattan,3
1689,2008,350 EAST 116 STREET Manhattan,Manhattan,3
1690,2008,2807 FREDERICK DOUGLASS BOULEVARD Manhattan,Manhattan,8
1691,2008,146 HENRY STREET Manhattan,Manhattan,7
1692,2008,383 WEST 125 STREET Manhattan,Manhattan,6
1693,2008,533 WEST 158 STREET Manhattan,Manhattan,24
1694,2008,612 WEST 182 STREET Manhattan,Manhattan,16
1695,2008,1610 ADAMS STREET Bronx,Bronx,3
1696,2008,1388 BRISTOW STREET Bronx,Bronx,3
1697,2008,367 BRONX PARK AVENUE Bronx,Bronx,3
1698,2008,1474 BRYANT AVENUE Bronx,Bronx,3
1699,2008,2414 BUTLER PLACE Bronx,Bronx,4
1700,2008,2241 CRESTON AVENUE Bronx,Bronx,26
1701,2008,2070 CROTONA AVENUE Bronx,Bronx,3
1702,2008,2254 CROTONA AVENUE Bronx,Bronx,28
1703,2008,1008 DR M L KING JR BOULEVARD Bronx,Bronx,3
1704,2008,1055 DR M L KING JR BOULEVARD Bronx,Bronx,94
1705,2008,702 EAGLE AVENUE Bronx,Bronx,7
1706,2008,495 EAST 138 STREET Bronx,Bronx,10
1707,2008,456 EAST 149 STREET Bronx,Bronx,16
1708,2008,861 EAST 164 STREET Bronx,Bronx,3
1709,2008,812 EAST 165 STREET Bronx,Bronx,4
1710,2008,660 EAST 166 STREET Bronx,Bronx,21
1711,2008,806 EAST 169 STREET Bronx,Bronx,3
1712,2008,745 EAST 178 STREET Bronx,Bronx,36
1713,2008,363 EAST 180 STREET Bronx,Bronx,9
1714,2008,983 EAST 181 STREET Bronx,Bronx,21
1715,2008,304 EAST 183 STREET Bronx,Bronx,16
1716,2008,760 EAST 217 STREET Bronx,Bronx,3
1717,2008,1820 GRAND CONCOURSE Bronx,Bronx,29
1718,2008,1135 GRANT AVENUE Bronx,Bronx,3
1719,2008,1136 GRANT AVENUE Bronx,Bronx,6
1720,2008,1912 HOLLAND AVENUE Bronx,Bronx,4
1721,2008,3055 HULL AVENUE Bronx,Bronx,7
1722,2008,924 KELLY STREET Bronx,Bronx,9
1723,2008,935 KELLY STREET Bronx,Bronx,32
1724,2008,1520 LELAND AVENUE Bronx,Bronx,17
1725,2008,648 MANIDA STREET Bronx,Bronx,3
1726,2008,1029 MANOR AVENUE Bronx,Bronx,4
1727,2008,1238 MORRIS AVENUE Bronx,Bronx,12
1728,2008,1271 MORRIS AVENUE Bronx,Bronx,16
1729,2008,1277 MORRIS AVENUE Bronx,Bronx,16
1730,2008,23 MT HOPE PLACE Bronx,Bronx,3
1731,2008,3605 OLINVILLE AVENUE Bronx,Bronx,3
1732,2008,4633 PARK AVENUE Bronx,Bronx,9
1733,2008,3049 PERRY AVENUE Bronx,Bronx,3
1734,2008,1302 REV JAMES POLITE AVENUE Bronx,Bronx,8
1735,2008,650 ROSEDALE AVENUE Bronx,Bronx,3
1736,2008,664 SAGAMORE STREET Bronx,Bronx,3
1737,2008,1300 SHAKESPEARE AVENUE Bronx,Bronx,3
1738,2008,1077 TELLER AVENUE Bronx,Bronx,8
1739,2008,1360 TELLER AVENUE Bronx,Bronx,3
1740,2008,1379 TELLER AVENUE Bronx,Bronx,3
1741,2008,1212 TINTON AVENUE Bronx,Bronx,3
1742,2008,1227 TINTON AVENUE Bronx,Bronx,3
1743,2008,1677 TOWNSEND AVENUE Bronx,Bronx,3
1744,2008,1167 WASHINGTON AVENUE Bronx,Bronx,3
1745,2008,1235 WHEELER AVENUE Bronx,Bronx,3
1746,2008,212 WILLIS AVENUE Bronx,Bronx,8
1747,2008,6203 10 AVENUE Brooklyn,Brooklyn,4
1748,2008,266 45 STREET Brooklyn,Brooklyn,8
1749,2008,1029 53 STREET Brooklyn,Brooklyn,6
1750,2008,227 ALBANY AVENUE Brooklyn,Brooklyn,4
1751,2008,2268 ATLANTIC AVENUE Brooklyn,Brooklyn,3
1752,2008,2270 ATLANTIC AVENUE Brooklyn,Brooklyn,3
1753,2008,368 BALTIC STREET Brooklyn,Brooklyn,8
1754,2008,27 BEAVER STREET Brooklyn,Brooklyn,6
1755,2008,1490 BEDFORD AVENUE Brooklyn,Brooklyn,8
1756,2008,2336 BEDFORD AVENUE Brooklyn,Brooklyn,6
1757,2008,2154 BERGEN STREET Brooklyn,Brooklyn,3
1758,2008,1130 BLAKE AVENUE Brooklyn,Brooklyn,3
1759,2008,1143 BLAKE AVENUE Brooklyn,Brooklyn,4
1760,2008,535 BRADFORD STREET Brooklyn,Brooklyn,4
1761,2008,379 BUSHWICK AVENUE Brooklyn,Brooklyn,4
1762,2008,1010 CARROLL STREET Brooklyn,Brooklyn,4
1763,2008,197 CHESTNUT STREET Brooklyn,Brooklyn,6
1764,2008,365 COLUMBIA STREET Brooklyn,Brooklyn,4
1765,2008,701 CONEY ISLAND AVENUE Brooklyn,Brooklyn,6
1766,2008,284 COOPER STREET Brooklyn,Brooklyn,6
1767,2008,84 CORNELIA STREET Brooklyn,Brooklyn,3
1768,2008,2144 CORTELYOU ROAD Brooklyn,Brooklyn,6
1769,2008,1532 DE KALB AVENUE Brooklyn,Brooklyn,6
1770,2008,2158 DEAN STREET Brooklyn,Brooklyn,6
1771,2008,996 DECATUR STREET Brooklyn,Brooklyn,3
1772,2008,452 EAST 95 STREET Brooklyn,Brooklyn,5
1773,2008,1549 EASTERN PARKWAY EXTENSION Brooklyn,Brooklyn,3
1774,2008,1885 EASTERN PARKWAY EXTENSION Brooklyn,Brooklyn,3
1775,2008,97 ELDERT STREET Brooklyn,Brooklyn,3
1776,2008,864 ELTON STREET Brooklyn,Brooklyn,6
1777,2008,593 EUCLID AVENUE Brooklyn,Brooklyn,4
1778,2008,556 EVERGREEN AVENUE Brooklyn,Brooklyn,3
1779,2008,360 FRANKLIN AVENUE Brooklyn,Brooklyn,9
1780,2008,931 FULTON STREET Brooklyn,Brooklyn,6
1781,2008,1446 FULTON STREET Brooklyn,Brooklyn,3
1782,2008,1548 FULTON STREET Brooklyn,Brooklyn,4
1783,2008,2112 FULTON STREET Brooklyn,Brooklyn,6
1784,2008,2813 FULTON STREET Brooklyn,Brooklyn,4
1785,2008,3084 FULTON STREET Brooklyn,Brooklyn,6
1786,2008,2156A FULTON STREET Brooklyn,Brooklyn,3
1787,2008,1328 GATES AVENUE Brooklyn,Brooklyn,6
1788,2008,337 GRAFTON STREET Brooklyn,Brooklyn,6
1789,2008,659 GREENE AVENUE Brooklyn,Brooklyn,3
1790,2008,1137 GREENE AVENUE Brooklyn,Brooklyn,5
1791,2008,1363 GREENE AVENUE Brooklyn,Brooklyn,6
1792,2008,1373 GREENE AVENUE Brooklyn,Brooklyn,6
1793,2008,491 HANCOCK STREET Brooklyn,Brooklyn,3
1794,2008,1352 HANCOCK STREET Brooklyn,Brooklyn,6
1795,2008,296 HARMAN STREET Brooklyn,Brooklyn,6
1796,2008,308 HARMAN STREET Brooklyn,Brooklyn,5
1797,2008,320 HARMAN STREET Brooklyn,Brooklyn,6
1798,2008,334 HART STREET Brooklyn,Brooklyn,8
1799,2008,536 HENDRIX STREET Brooklyn,Brooklyn,3
1800,2008,199 HOWARD AVENUE Brooklyn,Brooklyn,6
1801,2008,293 IRVING AVENUE Brooklyn,Brooklyn,8
1802,2008,764 JEFFERSON AVENUE Brooklyn,Brooklyn,8
1803,2008,995 JEFFERSON AVENUE Brooklyn,Brooklyn,4
1804,2008,1244 JEFFERSON AVENUE Brooklyn,Brooklyn,3
1805,2008,527 KNICKERBOCKER AVENUE Brooklyn,Brooklyn,8
1806,2008,531 KNICKERBOCKER AVENUE Brooklyn,Brooklyn,8
1807,2008,195 LENOX ROAD Brooklyn,Brooklyn,12
1808,2008,131 LEWIS AVENUE Brooklyn,Brooklyn,4
1809,2008,771 LIBERTY AVENUE Brooklyn,Brooklyn,3
1810,2008,869 LIBERTY AVENUE Brooklyn,Brooklyn,5
1811,2008,778 LINCOLN PLACE Brooklyn,Brooklyn,8
1812,2008,241 LINDEN BOULEVARD Brooklyn,Brooklyn,8
1813,2008,320 LINDEN BOULEVARD Brooklyn,Brooklyn,3
1814,2008,270 LINDEN STREET Brooklyn,Brooklyn,3
1815,2008,544 LINWOOD STREET Brooklyn,Brooklyn,6
1816,2008,786 MACON STREET Brooklyn,Brooklyn,3
1817,2008,346 MARION STREET Brooklyn,Brooklyn,6
1818,2008,435 MARION STREET Brooklyn,Brooklyn,6
1819,2008,236 MC KINLEY AVENUE Brooklyn,Brooklyn,4
1820,2008,414 MELROSE STREET Brooklyn,Brooklyn,8
1821,2008,389 MONROE STREET Brooklyn,Brooklyn,3
1822,2008,829 MONROE STREET Brooklyn,Brooklyn,8
1823,2008,684 MYRTLE AVENUE Brooklyn,Brooklyn,6
1824,2008,595 NEW LOTS AVENUE Brooklyn,Brooklyn,3
1825,2008,399 NOSTRAND AVENUE Brooklyn,Brooklyn,3
1826,2008,1261 PACIFIC STREET Brooklyn,Brooklyn,11
1827,2008,1399 PACIFIC STREET Brooklyn,Brooklyn,4
1828,2008,46 PALMETTO STREET Brooklyn,Brooklyn,3
1829,2008,146 PALMETTO STREET Brooklyn,Brooklyn,3
1830,2008,68 PATCHEN AVENUE Brooklyn,Brooklyn,8
1831,2008,257 PATCHEN AVENUE Brooklyn,Brooklyn,4
1832,2008,1719 PITKIN AVENUE Brooklyn,Brooklyn,12
1833,2008,465 PROSPECT AVENUE Brooklyn,Brooklyn,3
1834,2008,1308 PROSPECT PLACE Brooklyn,Brooklyn,5
1835,2008,1922 PROSPECT PLACE Brooklyn,Brooklyn,4
1836,2008,1109 PUTNAM AVENUE Brooklyn,Brooklyn,3
1837,2008,1175 PUTNAM AVENUE Brooklyn,Brooklyn,3
1838,2008,599 QUINCY STREET Brooklyn,Brooklyn,8
1839,2008,145 ROCKAWAY PARKWAY Brooklyn,Brooklyn,6
1840,2008,718 SCHENCK AVENUE Brooklyn,Brooklyn,4
1841,2008,230 SCHENECTADY AVENUE Brooklyn,Brooklyn,6
1842,2008,232 SCHENECTADY AVENUE Brooklyn,Brooklyn,6
1843,2008,674 SHEFFIELD AVENUE Brooklyn,Brooklyn,4
1844,2008,323 SHEPHERD AVENUE Brooklyn,Brooklyn,3
1845,2008,327 SHEPHERD AVENUE Brooklyn,Brooklyn,3
1846,2008,711 SHEPHERD AVENUE Brooklyn,Brooklyn,4
1847,2008,2517 SNYDER AVENUE Brooklyn,Brooklyn,3
1848,2008,40 SOMERS STREET Brooklyn,Brooklyn,3
1849,2008,145 SOMERS STREET Brooklyn,Brooklyn,6
1850,2008,21A SOMERS STREET Brooklyn,Brooklyn,3
1851,2008,1145 ST JOHNS PLACE Brooklyn,Brooklyn,4
1852,2008,1320 ST JOHNS PLACE Brooklyn,Brooklyn,8
1853,2008,700 ST MARKS AVENUE Brooklyn,Brooklyn,4
1854,2008,250 STOCKHOLM STREET Brooklyn,Brooklyn,8
1855,2008,191 SUMPTER STREET Brooklyn,Brooklyn,8
1856,2008,609 SUTTER AVENUE Brooklyn,Brooklyn,4
1857,2008,535 THROOP AVENUE Brooklyn,Brooklyn,4
1858,2008,232 TOMPKINS AVENUE Brooklyn,Brooklyn,3
1859,2008,309 TOMPKINS AVENUE Brooklyn,Brooklyn,8
1860,2008,237 TROUTMAN STREET Brooklyn,Brooklyn,6
1861,2008,227 TROY AVENUE Brooklyn,Brooklyn,12
1862,2008,11 VAN BUREN STREET Brooklyn,Brooklyn,3
1863,2008,496 VAN BUREN STREET Brooklyn,Brooklyn,4
1864,2008,124 VAN SICLEN AVENUE Brooklyn,Brooklyn,15
1865,2008,176 VAN SICLEN AVENUE Brooklyn,Brooklyn,3
1866,2008,384 VANDERBILT AVENUE Brooklyn,Brooklyn,4
1867,2008,28 VERMONT STREET Brooklyn,Brooklyn,3
1868,2008,354 VERNON AVENUE Brooklyn,Brooklyn,4
1869,2008,2836 WEST 19 STREET Brooklyn,Brooklyn,4
1870,2008,1113 WILLOUGHBY AVENUE Brooklyn,Brooklyn,6
1871,2008,90 WILSON AVENUE Brooklyn,Brooklyn,3
1872,2008,142 WILSON AVENUE Brooklyn,Brooklyn,6
1873,2008,203 WILSON AVENUE Brooklyn,Brooklyn,6
1874,2008,441 WILSON AVENUE Brooklyn,Brooklyn,12
1875,2008,515 WILSON AVENUE Brooklyn,Brooklyn,6
1876,2008,636 WILSON AVENUE Brooklyn,Brooklyn,6
1877,2008,271 WOODBINE STREET Brooklyn,Brooklyn,3
1878,2008,18-14 LINDEN STREET Queens,Queens,6
1879,2008,108-44 LIVERPOOL STREET Queens,Queens,3
1880,2008,1722 MADISON STREET Queens,Queens,6
1881,2008,1720 PALMETTO STREET Queens,Queens,6
1882,2008,1659 SUMMERFIELD STREET Queens,Queens,6
1883,2008,1675 WOODBINE STREET Queens,Queens,6
1884,2008,238 YORK AVENUE Staten Island,Staten Island,3
